ID,Survey,RAJ2000,DEJ2000,P,nJ,nH,Jmag,e_Jmag,Hmag,e_Hmag,Type,Flag,FlagJ,FlagH,E(B-V),Jmagc,Hmagc,Catalog
2127903,K18a,11.729188,42.083119,2.697333,1,1,21.314,0.036,20.89,0.042,FM,0,0,1,0.28059,21.144,20.791,C
2123916,K18a,11.626458,42.073648,2.787781,1,1,20.8,0.036,20.459,0.041,FM,0,0,1,0.24891,20.643,20.368,C
2092386,K18a,11.67061,41.996639,2.953075,1,1,20.947,0.036,20.63,0.041,FM,0,0,0,0.2791,20.778,20.531,C
223953,K18a,11.26975,41.39409,3.063546,1,1,21.051,0.036,20.615,0.041,FM,0,0,0,0.20629,20.913,20.535,C
2129973,K18a,11.683279,42.089246,3.114796,1,1,20.969,0.036,20.518,0.041,FM,0,0,1,0.2165,20.826,20.436,C
160291,K18a,10.958919,41.143335,3.12339,1,1,21.07,0.036,20.581,0.041,FM,0,0,0,0.20976,20.93,20.5,C
2079623,K18a,11.443264,41.969087,3.135732,1,1,20.808,0.036,20.517,0.041,FM,0,0,0,0.24284,20.654,20.428,C
2105570,K18a,11.67738,42.026863,3.196976,1,1,20.95,0.036,20.586,0.041,FM,0,0,1,0.24089,20.796,20.497,C
779588,K18a,11.415185,41.531617,3.230272,1,1,20.924,0.036,20.504,0.041,FM,0,0,0,0.20742,20.785,20.423,C
2467145,K18a,11.83505,42.196034,3.270625,1,1,20.897,0.036,20.448,0.041,FM,0,0,0,0.25889,20.736,20.354,C
2052821,K18a,11.438714,41.906319,3.275213,1,1,20.702,0.036,20.37,0.041,FM,0,0,0,0.2732,20.534,20.273,C
2125362,K18a,11.732218,42.076624,3.3257,1,1,21.02,0.036,20.552,0.041,FM,0,0,1,0.25868,20.859,20.458,C
2484166,K18a,11.676546,42.26048,3.381349,1,1,20.884,0.036,20.461,0.041,FM,0,0,0,0.26476,20.721,20.366,C
837164,K18a,11.423479,41.70592,3.481327,1,1,20.986,0.036,20.472,0.042,FM,0,0,0,0.22389,20.84,20.388,C
2162734,K18a,11.598024,42.209667,3.496315,1,1,20.967,0.036,20.509,0.041,FM,0,0,0,0.31046,20.783,20.402,C
219355,K18a,11.240316,41.376523,3.519086,1,1,21.025,0.036,20.539,0.041,FM,0,0,0,0.1954,20.891,20.462,C
1054161,K18a,11.266136,41.517325,3.527211,1,1,20.721,0.036,20.248,0.041,FM,0,0,0,0.29585,20.543,20.145,C
828453,K18a,11.425988,41.682138,3.529851,1,1,20.832,0.036,20.348,0.041,FM,0,0,0,0.18345,20.705,20.273,C
843432,K18a,11.465941,41.721832,3.582429,1,1,20.884,0.036,20.431,0.041,FM,0,0,0,0.24994,20.727,20.34,C
2120016,K18a,11.693681,42.062716,3.597304,1,1,20.972,0.036,20.48,0.041,FM,0,0,1,0.23718,20.821,20.392,C
2048090,K18a,11.462586,41.895298,3.625812,1,1,20.65,0.036,20.235,0.041,FM,0,0,0,0.22408,20.504,20.151,C
2139332,K18a,11.707065,42.114986,3.635834,1,1,21.147,0.036,20.649,0.041,FM,0,0,0,0.28692,20.973,20.548,C
2100742,K18a,11.695962,42.015285,3.684483,1,1,20.777,0.036,20.449,0.041,FM,0,0,1,0.26224,20.614,20.355,C
187357,K18a,10.984502,41.24402,3.699645,1,1,20.785,0.036,20.351,0.041,FM,0,0,0,0.24846,20.629,20.26,C
2157574,K18a,11.543198,42.18108,3.712465,1,1,20.648,0.036,20.305,0.041,FM,0,0,0,0.26311,20.485,20.21,C
2151125,K18a,11.621703,42.151743,3.731089,1,1,20.848,0.036,20.476,0.041,FM,0,0,0,0.21845,20.705,20.392,C
1061602,K18a,11.342863,41.546863,3.751222,1,1,20.945,0.036,20.44,0.041,FM,0,0,0,0.18984,20.814,20.364,C
2472607,K18a,11.613675,42.221322,3.754331,1,1,20.788,0.036,20.25,0.041,FM,0,0,0,0.2732,20.62,20.152,C
2126773,K18a,11.723235,42.080255,3.788999,1,1,20.744,0.036,20.338,0.041,FM,0,0,1,0.21448,20.603,20.256,C
885006,K18a,11.5904,41.837787,3.762858,1,1,20.675,0.036,20.201,0.041,FM,0,0,0,0.22353,20.529,20.117,C
2076948,K18a,11.465828,41.962906,3.843047,1,1,20.728,0.036,20.269,0.041,FM,0,0,0,0.24278,20.574,20.179,C
2145972,K18a,11.657072,42.134921,3.850918,1,1,20.799,0.036,20.301,0.041,FM,0,0,0,0.27953,20.629,20.203,C
2465524,K18a,11.790741,42.183537,3.859453,1,1,20.852,0.036,20.359,0.041,FM,0,0,0,0.23978,20.699,20.27,C
1037943,K18a,11.217719,41.443511,3.896625,1,1,20.973,0.036,20.454,0.041,FM,0,0,0,0.2352,20.823,20.367,C
2189795,K18a,11.097684,41.873857,3.925371,1,1,20.704,0.036,20.153,0.041,FM,0,0,0,0.28589,20.531,20.053,C
855963,K18a,11.443371,41.752938,3.897448,1,1,20.777,0.036,20.214,0.041,FM,0,0,0,0.2434,20.623,20.125,C
2101510,K18a,11.754193,42.016713,3.925926,1,1,20.625,0.036,20.279,0.041,FM,0,0,1,0.27305,20.458,20.182,C
2467909,K18a,11.736781,42.201489,3.929718,1,1,20.702,0.036,20.369,0.041,FM,0,0,0,0.2363,20.551,20.281,C
2472522,K18a,11.586866,42.221255,3.938124,1,1,20.837,0.036,20.348,0.041,FM,0,0,0,0.26116,20.675,20.254,C
2161311,K18a,11.630431,42.199318,3.943838,1,1,20.816,0.036,20.254,0.041,FM,0,0,0,0.24263,20.662,20.165,C
2135627,K18a,11.760885,42.104105,3.975967,2,2,20.696,0.036,20.318,0.041,FM,0,0,1,0.24021,20.543,20.23,C
2211644,K18a,11.11,41.928909,4.010561,1,1,20.749,0.036,20.262,0.041,FM,0,0,0,0.27641,20.581,20.164,C
2063956,K18a,11.454659,41.932706,4.017456,1,1,20.862,0.036,20.383,0.041,FM,0,0,0,0.24173,20.708,20.293,C
2076917,K18a,11.455938,41.962865,4.056028,1,1,20.585,0.036,20.139,0.041,FM,0,0,0,0.19513,20.452,20.061,C
2210354,K18a,11.129907,41.925429,4.07741,1,1,20.703,0.036,20.139,0.041,FM,0,0,0,0.238,20.551,20.05,C
2035182,K18a,11.435122,41.863909,4.080363,1,1,20.596,0.036,20.086,0.041,FM,0,0,0,0.27176,20.429,19.989,C
2078295,K18a,11.302705,41.966676,4.053816,1,1,20.469,0.036,19.961,0.041,FM,0,0,0,0.2162,20.327,19.878,C
2085451,K18a,11.740551,41.980542,4.095525,1,1,20.585,0.036,20.253,0.041,FM,0,0,0,0.22305,20.44,20.168,C
2152543,K18a,11.612157,42.156937,4.096838,1,1,20.623,0.036,20.175,0.041,FM,0,0,0,0.22745,20.476,20.09,C
832751,K18a,11.408357,41.693439,4.097635,1,1,20.549,0.036,20.072,0.041,FM,0,0,0,0.23434,20.399,19.985,C
2088546,K18a,11.632285,41.988282,4.12437,1,1,20.65,0.036,20.302,0.041,FM,0,0,0,0.26062,20.488,20.208,C
2073583,K18a,11.463361,41.955516,4.150518,1,1,20.419,0.036,20.07,0.041,FM,0,0,0,0.20172,20.283,19.992,C
1057826,K18a,11.223057,41.532125,4.164076,1,1,21.038,0.036,20.384,0.041,FM,0,0,0,0.27174,20.871,20.287,C
2120776,K18a,11.384568,42.06644,4.155621,1,1,20.62,0.036,20.196,0.041,FM,0,0,0,0.22569,20.474,20.111,C
2039170,K18a,11.409494,41.873919,4.155054,2,2,20.627,0.036,20.139,0.041,FM,0,0,0,0.30879,20.444,20.033,C
2154343,K18a,11.693229,42.164936,4.18653,1,1,20.803,0.036,20.351,0.041,FM,0,0,0,0.25644,20.643,20.258,C
824897,K18a,11.395889,41.673075,4.222512,1,1,20.646,0.036,20.096,0.041,FM,0,0,0,0.20942,20.507,20.015,C
2082564,K18a,11.432457,41.975644,4.217354,2,2,20.43,0.036,19.948,0.041,FM,0,0,0,0.25713,20.27,19.855,C
2116147,K18a,11.70015,42.052762,4.226151,1,1,20.526,0.036,20.181,0.041,FM,0,0,1,0.24389,20.371,20.091,C
2025942,K18a,11.443588,41.838717,4.249428,1,1,20.552,0.036,20.13,0.041,FM,0,0,0,0.22464,20.406,20.045,C
2021561,K18a,11.378749,41.82433,4.254378,1,1,20.689,0.036,20.109,0.041,FM,0,0,0,0.25923,20.528,20.016,C
2095925,K18a,11.708203,42.004211,4.319098,1,1,20.669,0.036,20.324,0.041,FM,0,0,1,0.28162,20.498,20.224,C
1074783,K18a,11.347069,41.596703,4.283221,2,2,20.601,0.036,20.113,0.041,FM,0,0,0,0.22445,20.455,20.028,C
110335,K18a,11.092384,41.329045,4.303624,1,1,20.458,0.036,20.006,0.041,FM,0,0,0,0.25282,20.299,19.914,C
849492,K18a,11.456146,41.736783,4.358054,1,1,20.478,0.036,20.134,0.041,FM,0,0,0,0.25057,20.32,20.042,C
2056229,K18a,11.56106,41.913745,4.371045,1,1,20.588,0.036,20.091,0.041,FM,0,0,0,0.15911,20.471,20.023,C
2062161,K18a,11.441046,41.928543,4.431703,1,1,20.467,0.036,20.12,0.041,FM,0,0,0,0.27112,20.301,20.023,C
2072820,K18a,11.347304,41.954209,4.447816,1,1,20.388,0.036,20.091,0.041,FM,0,0,0,0.22343,20.242,20.006,C
2108147,K18a,11.763608,42.032532,4.489352,1,1,20.418,0.036,19.954,0.041,FM,0,0,1,0.21461,20.276,19.872,C
872333,K18a,11.508323,41.792229,4.527098,1,1,20.651,0.036,20.185,0.041,FM,0,0,0,0.23417,20.501,20.098,C
2088804,K18a,11.41348,41.98997,4.520288,1,1,20.523,0.036,20.181,0.041,FM,0,0,0,0.28829,20.35,20.08,C
2084906,K18a,11.739975,41.979293,4.530718,1,1,20.39,0.036,19.891,0.041,FM,0,0,0,0.25104,20.232,19.8,C
515394,K18a,10.744801,41.202902,4.537645,1,1,20.29,0.036,19.908,0.041,FM,0,0,0,0.16438,20.171,19.839,C
998692,K18a,11.303809,41.686746,4.554897,1,1,20.381,0.036,19.899,0.041,FM,0,0,0,0.22739,20.234,19.814,C
2130171,K18a,11.76242,42.089233,4.574308,1,1,20.631,0.036,20.118,0.041,FM,0,0,1,0.30744,20.448,20.012,C
2060298,K18a,11.515439,41.923756,4.570407,1,1,20.211,0.036,19.77,0.041,FM,0,0,0,0.2311,20.062,19.684,C
194000,K18a,11.085808,41.269415,4.568045,1,1,20.473,0.036,20.022,0.041,FM,0,0,0,0.2299,20.325,19.936,C
103140,K18a,11.096829,41.296936,4.579617,1,1,20.347,0.036,19.86,0.041,FM,0,0,0,0.27892,20.177,19.761,C
2126390,K18a,11.698997,42.079531,4.600875,2,2,20.583,0.036,20.105,0.041,FM,0,0,2,0.27392,20.416,20.008,C
2470817,K18a,11.57761,42.215356,4.585081,1,1,20.747,0.036,20.16,0.041,FM,0,0,0,0.27317,20.579,20.063,C
2062809,K18a,11.377786,41.930507,4.625274,2,2,20.336,0.036,19.894,0.041,FM,0,0,0,0.25069,20.179,19.803,C
211093,K18a,11.134091,41.342497,4.65076,1,1,20.493,0.036,20.043,0.041,FM,0,0,0,0.25222,20.335,19.952,C
2154805,K18a,11.744926,42.166753,4.655324,1,1,20.166,0.036,19.628,0.041,FM,0,0,0,0.25783,20.005,19.535,C
830847,K18a,11.389353,41.688428,4.685938,1,1,20.61,0.036,20.061,0.041,FM,0,0,0,0.22163,20.466,19.977,C
506048,K18a,10.875813,41.176609,4.6326,1,1,20.415,0.036,19.931,0.041,FM,0,0,0,0.25715,20.255,19.838,C
842648,K18a,11.396235,41.720154,4.681022,1,1,20.455,0.036,19.973,0.041,FM,0,0,0,0.29001,20.281,19.871,C
2127172,K18a,11.760869,42.081073,4.702394,1,1,20.499,0.036,20.07,0.041,FM,0,0,1,0.29529,20.322,19.967,C
2127755,K18a,11.715097,42.082863,4.706692,1,1,20.532,0.036,20.035,0.041,FM,0,0,1,0.25987,20.371,19.941,C
842320,K18a,11.392995,41.719301,4.757636,1,1,20.471,0.036,20.002,0.041,FM,0,0,0,0.2894,20.297,19.901,C
844251,K18a,11.481693,41.723837,4.729345,2,2,20.495,0.036,20.019,0.041,FM,0,0,0,0.22394,20.35,19.934,C
2479554,K18a,11.63306,42.244735,4.763864,1,1,20.407,0.036,19.977,0.041,FM,0,0,0,0.21963,20.263,19.894,C
2092302,K18a,11.427483,41.997821,4.778335,1,1,20.39,0.036,19.965,0.041,FM,0,0,0,0.20004,20.255,19.886,C
2066853,K18a,11.618078,41.938842,4.777877,1,1,20.401,0.036,19.91,0.041,FM,0,0,0,0.25452,20.242,19.818,C
839241,K18a,11.436178,41.711207,4.864425,1,1,20.3,0.036,19.855,0.041,FM,0,0,0,0.24613,20.144,19.765,C
2161894,K18a,11.646771,42.202644,4.872128,1,1,20.709,0.036,20.109,0.041,FM,0,0,0,0.27322,20.541,20.012,C
1057688,K18a,11.236737,41.531572,4.794106,1,1,20.696,0.036,20.092,0.041,FM,0,0,0,0.28857,20.522,19.991,C
878349,K18a,11.413726,41.808277,4.865267,1,1,20.377,0.036,19.879,0.041,FM,0,0,0,0.29821,20.198,19.775,C
845068,K18a,11.406417,41.726113,4.896082,1,1,20.479,0.036,20.057,0.041,FM,0,0,0,0.28998,20.304,19.955,C
2122971,K18a,11.77785,42.07007,4.955737,1,1,20.462,0.036,20.144,0.041,FM,0,0,1,0.23762,20.31,20.056,C
2188754,K18a,11.222818,41.870962,4.956047,1,1,20.258,0.036,19.749,0.041,FM,0,0,0,0.25701,20.098,19.656,C
2045932,K18a,11.460769,41.890293,4.972845,1,1,20.443,0.036,19.978,0.041,FM,0,0,0,0.25984,20.281,19.884,C
2162526,K18a,11.65319,42.207436,4.994722,1,1,20.534,0.036,20.023,0.041,FM,0,0,0,0.24698,20.378,19.933,C
868482,K18a,11.386771,41.78313,5.013139,1,1,20.269,0.036,19.809,0.041,FM,0,0,0,0.24993,20.112,19.718,C
112430,K18a,11.100302,41.338399,5.088707,1,1,20.519,0.036,19.935,0.041,FM,0,0,0,0.25505,20.36,19.842,C
1061536,K18a,11.270535,41.546902,4.97463,1,1,20.19,0.036,19.719,0.041,FM,0,0,0,0.30129,20.011,19.615,C
1072439,K18a,11.228516,41.588327,5.123869,1,1,20.513,0.036,20.038,0.041,FM,0,0,0,0.21652,20.371,19.955,C
108519,K18a,11.111821,41.321109,5.138957,1,1,20.095,0.036,19.667,0.041,FM,0,0,0,0.22749,19.948,19.582,C
2119240,K18a,11.627822,42.060977,5.214248,1,1,20.326,0.036,19.983,0.041,FM,0,0,1,0.24313,20.171,19.894,C
2083613,K18a,11.496076,41.977836,5.240351,1,1,20.125,0.036,19.707,0.041,FM,0,0,0,0.20367,19.988,19.628,C
2092186,K18a,11.496374,41.997192,5.223869,1,1,20.488,0.036,20.079,0.041,FM,0,0,0,0.19537,20.355,20.002,C
871086,K18a,11.432176,41.789597,5.287755,1,1,20.186,0.036,19.68,0.041,FM,0,0,0,0.27148,20.019,19.583,C
884638,K18a,11.436225,41.830709,5.31393,1,1,20.235,0.036,19.608,0.041,FM,0,0,0,0.23643,20.084,19.52,C
873650,K18a,11.34917,41.796306,5.2995,1,1,20.182,0.036,19.765,0.041,FM,0,0,0,0.24412,20.027,19.675,C
2208019,K18a,11.199842,41.918249,5.2978,1,1,20.15,0.036,19.707,0.041,FM,0,0,0,0.26847,19.985,19.61,C
2084099,K18a,11.441441,41.979138,5.288017,1,1,20.225,0.036,19.728,0.041,FM,0,0,0,0.23291,20.076,19.641,C
190910,K18a,10.921036,41.257052,5.346353,1,1,20.19,0.036,19.753,0.041,FM,0,0,0,0.19475,20.057,19.676,C
2082849,K18a,11.400072,41.976489,5.386592,1,1,20.266,0.036,19.746,0.041,FM,0,0,0,0.27457,20.098,19.649,C
821905,K18a,11.367819,41.665279,5.348504,1,1,20.422,0.036,19.965,0.041,FM,0,0,0,0.27615,20.253,19.867,C
106721,K18a,11.117987,41.313019,5.364316,1,1,20.235,0.036,19.721,0.041,FM,0,0,0,0.24167,20.081,19.632,C
2190952,K18a,11.257296,41.876024,5.3926,1,1,20.114,0.036,19.6,0.041,FM,0,0,0,0.24732,19.958,19.509,C
822818,K18a,11.347974,41.667844,5.350273,1,1,20.177,0.036,19.726,0.041,FM,0,0,0,0.26412,20.014,19.631,C
2118657,K18a,11.751809,42.05864,5.419757,1,1,20.304,0.036,19.793,0.041,FM,0,0,1,0.21848,20.161,19.71,C
980263,K18a,11.1003,41.624409,5.463642,2,2,20.233,0.036,19.714,0.041,FM,0,0,0,0.30546,20.051,19.609,C
927984,K18a,11.070062,41.808081,5.502632,1,1,20.198,0.036,19.683,0.041,FM,0,0,0,0.25278,20.04,19.591,C
1065380,K18a,11.266187,41.561712,5.512531,1,1,20.117,0.036,19.525,0.041,FM,0,0,0,0.28381,19.945,19.425,C
839843,K18a,11.41162,41.712862,5.505552,1,1,19.631,0.036,19.229,0.041,FM,0,0,0,0.23317,19.481,19.142,C
2038272,K18a,11.434943,41.87155,5.504068,1,1,20.137,0.036,19.831,0.041,FM,0,0,0,0.36753,19.928,19.71,C
187679,K18a,11.056381,41.245241,5.523847,1,1,20.325,0.036,19.904,0.041,FM,0,0,0,0.21224,20.185,19.822,C
2190930,K18a,11.162398,41.8762,5.591322,1,1,20.117,0.036,19.639,0.041,FM,0,0,0,0.23124,19.969,19.553,C
2146909,K18a,11.397993,42.139243,5.614913,1,1,20.243,0.036,19.871,0.041,FM,0,0,0,0.22917,20.095,19.785,C
2092110,K18a,11.42753,41.997403,5.580163,1,1,20.144,0.036,19.665,0.041,FM,0,0,0,0.20004,20.009,19.586,C
158235,K18a,10.996198,41.135421,5.64523,1,1,20.181,0.036,19.755,0.041,FM,0,0,0,0.21962,20.037,19.671,C
2024562,K18a,11.401256,41.834703,5.643362,1,1,20.428,0.036,19.753,0.041,FM,0,0,0,0.28135,20.257,19.654,C
2090397,K18a,11.413094,41.993426,5.720667,1,1,20.137,0.036,19.647,0.041,FM,0,0,0,0.25757,19.977,19.554,C
2119611,K18a,11.362729,42.063408,5.758778,1,1,20.331,0.036,19.744,0.041,FM,0,0,0,0.2717,20.165,19.647,C
837084,K18a,11.395596,41.705845,5.677025,1,1,20.223,0.036,19.738,0.041,FM,0,0,0,0.24604,20.068,19.647,C
864118,K18a,11.401153,41.772809,5.67361,1,1,20.218,0.036,19.712,0.041,FM,0,0,0,0.2552,20.058,19.619,C
2062292,K18a,11.502104,41.92857,5.786656,1,1,20.137,0.036,19.655,0.041,FM,0,0,0,0.18151,20.01,19.581,C
2177768,K18a,11.11254,41.845068,5.849937,1,1,19.935,0.036,19.503,0.041,FM,0,0,0,0.32202,19.746,19.394,C
1053052,K18a,11.274553,41.51245,5.850644,1,1,20.091,0.036,19.576,0.041,FM,0,0,0,0.26342,19.928,19.482,C
238093,K18a,11.222818,41.44641,5.839896,1,1,20.083,0.036,19.562,0.041,FM,0,0,0,0.24206,19.929,19.473,C
2043001,K18a,11.510148,41.883125,5.898302,1,1,20.051,0.036,19.511,0.041,FM,0,0,0,0.23175,19.902,19.424,C
2200160,K18a,11.242655,41.897353,5.908368,1,1,20.036,0.036,19.601,0.041,FM,0,0,0,0.21039,19.897,19.52,C
2478314,K18a,11.605758,42.240784,5.895154,1,1,20.216,0.036,19.671,0.041,FM,0,0,0,0.27073,20.049,19.574,C
1069052,K18a,11.300854,41.575182,5.865197,1,1,20.372,0.036,19.829,0.041,FM,0,0,0,0.30157,20.193,19.724,C
107094,K18a,11.102501,41.31465,5.933189,1,1,20.397,0.036,19.79,0.041,FM,0,0,0,0.23687,20.245,19.702,C
188351,K18a,11.002476,41.24761,5.976428,1,1,20.426,0.036,19.924,0.041,FM,0,0,0,0.23776,20.275,19.836,C
2039679,K18a,11.38731,41.875222,6.075977,1,1,20.274,0.036,19.69,0.041,FM,0,0,0,0.26596,20.11,19.595,C
2100803,K18a,11.344734,42.017381,5.969289,1,1,20.115,0.036,19.647,0.041,FM,0,0,0,0.27959,19.945,19.548,C
2483572,K18a,11.633335,42.258371,6.003528,1,1,20.089,0.036,19.704,0.041,FM,0,0,0,0.16063,19.972,19.636,C
2157258,K18a,11.617479,42.179183,6.01122,1,1,20.074,0.036,19.649,0.041,FM,0,0,0,0.25089,19.917,19.557,C
127276,K18a,11.108175,41.402143,5.980589,2,2,20.008,0.036,19.564,0.041,FM,0,0,0,0.26553,19.844,19.468,C
115811,K18a,11.077144,41.352555,6.05253,1,1,20.159,0.036,19.745,0.041,FM,0,0,0,0.26854,19.993,19.649,C
1073964,K18a,11.299543,41.593882,6.121317,1,1,20.403,0.036,19.776,0.041,FM,0,0,0,0.35691,20.199,19.657,C
184014,K18a,10.989464,41.231815,6.103346,1,1,20.133,0.036,19.705,0.041,FM,0,0,0,0.20261,19.997,19.625,C
134977,K18a,11.023566,41.436227,6.161943,1,1,20.01,0.036,19.492,0.041,FM,0,0,0,0.19694,19.877,19.414,C
2083433,K18a,11.501531,41.977406,6.176308,1,1,20.029,0.036,19.535,0.041,FM,0,0,0,0.14886,19.917,19.47,C
997898,K18a,11.243174,41.684092,6.212211,1,1,19.917,0.036,19.432,0.041,FM,0,0,0,0.35233,19.715,19.315,C
2077700,K18a,11.622582,41.96372,6.212473,1,1,20.231,0.036,19.62,0.041,FM,0,0,0,0.24019,20.078,19.531,C
134689,K18a,11.112894,41.43465,6.255852,1,1,19.937,0.036,19.503,0.041,FM,0,0,0,0.23496,19.786,19.415,C
1002719,K18a,11.304874,41.700768,6.232709,1,1,20.095,0.036,19.647,0.041,FM,0,0,0,0.22512,19.948,19.563,C
865251,K18a,11.385848,41.775333,6.222172,1,1,20.153,0.036,19.8,0.041,FM,0,0,0,0.22378,20.008,19.715,C
975840,K18a,11.119353,41.608883,6.30181,1,1,19.934,0.036,19.504,0.041,FM,0,0,0,0.22018,19.79,19.42,C
2113359,K18a,11.62223,42.046252,6.319762,1,1,20.091,0.036,19.586,0.041,FM,0,0,1,0.23341,19.941,19.499,C
2206572,K18a,11.12564,41.914065,6.326253,1,1,20.106,0.036,19.59,0.041,FM,0,0,0,0.18287,19.978,19.515,C
117757,K18a,11.057614,41.361083,6.338277,1,1,20.435,0.036,19.76,0.041,FM,0,0,0,0.25382,20.276,19.668,C
2076208,K18a,11.452804,41.961414,6.327179,1,1,20.015,0.036,19.45,0.041,FM,0,0,0,0.21748,19.873,19.367,C
2203525,K18a,11.26105,41.90594,6.353857,1,1,20.182,0.036,19.631,0.041,FM,0,0,0,0.29487,20.005,19.529,C
2046481,K18a,11.448924,41.891616,6.388748,1,1,19.95,0.036,19.512,0.041,FM,0,0,0,0.23977,19.797,19.423,C
455758,K18a,10.694702,41.418637,6.498545,1,1,20.07,0.036,19.695,0.041,FM,0,0,0,0.21797,19.927,19.612,C
876589,K18a,11.388419,41.803703,6.45374,1,1,20.245,0.036,19.76,0.041,FM,0,0,0,0.27825,20.076,19.661,C
1018792,K18a,11.295259,41.759213,6.439598,1,1,19.867,0.036,19.368,0.041,FM,0,0,0,0.20848,19.729,19.288,C
837052,K18a,11.377058,41.705854,6.493928,2,2,20.101,0.036,19.549,0.041,FM,0,0,0,0.25402,19.942,19.457,C
2058423,K18a,11.362326,41.920068,6.648418,1,1,20.066,0.036,19.501,0.041,FM,0,0,0,0.26502,19.903,19.406,C
849391,K18a,11.433666,41.736638,6.598379,1,1,20.035,0.036,19.55,0.041,FM,0,0,0,0.20923,19.896,19.469,C
2091993,K18a,11.393387,41.997249,6.512468,2,2,19.999,0.036,19.559,0.041,FM,0,0,0,0.2442,19.845,19.469,C
2077334,K18a,11.529202,41.963494,6.700386,1,1,20.04,0.036,19.648,0.041,FM,0,0,0,0.18402,19.912,19.573,C
2093936,K18a,11.71667,41.999862,6.651075,1,1,19.812,0.036,19.448,0.041,FM,0,0,1,0.2789,19.642,19.35,C
2484915,K18a,11.65516,42.263256,6.729979,1,1,20.015,0.036,19.572,0.041,FM,0,0,0,0.23709,19.864,19.484,C
99491,K18a,10.919079,41.280245,6.721346,1,1,19.874,0.036,19.445,0.041,FM,0,0,0,0.19336,19.742,19.368,C
1054216,K18a,11.32307,41.51737,6.827861,1,1,19.953,0.036,19.578,0.041,FM,0,0,0,0.20669,19.815,19.498,C
2062016,K18a,11.594462,41.927298,6.828509,1,1,19.805,0.036,19.294,0.041,FM,0,0,0,0.22129,19.661,19.21,C
1047858,K18a,11.242689,41.492395,6.765566,1,1,20.118,0.036,19.551,0.041,FM,0,0,0,0.2573,19.958,19.458,C
840035,K18a,11.541753,41.712813,6.973768,1,1,19.914,0.036,19.522,0.041,FM,0,0,0,0.12794,19.811,19.462,C
1082599,K18a,11.15805,41.626925,6.785948,1,1,19.633,0.036,19.182,0.041,FM,0,0,0,0.21554,19.491,19.099,C
1068323,K18a,11.253486,41.572827,6.840887,1,1,20.032,0.036,19.59,0.041,FM,0,0,0,0.24356,19.878,19.5,C
2092948,K18a,11.370544,41.999631,6.858981,2,2,20.235,0.036,19.648,0.041,FM,0,1,0,0.25498,20.075,19.555,C
1002019,K18a,11.266316,41.698425,6.917847,1,1,19.666,0.036,19.249,0.041,FM,0,0,0,0.23579,19.515,19.161,C
835645,K18a,11.3439,41.702242,6.760805,2,2,19.871,0.036,19.32,0.041,FM,0,0,0,0.27932,19.701,19.221,C
174591,K18a,10.891933,41.197614,6.891342,1,1,19.988,0.036,19.484,0.041,FM,0,0,0,0.24487,19.833,19.394,C
2204325,K18a,11.25565,41.907877,7.080969,1,1,19.791,0.036,19.332,0.041,FM,0,0,0,0.27052,19.625,19.235,C
981510,K18a,11.003859,41.629064,7.035586,1,1,19.74,0.036,19.306,0.041,FM,0,0,0,0.2481,19.584,19.216,C
431045,K18a,10.885419,41.337916,7.010048,1,1,19.918,0.036,19.437,0.041,FM,0,0,0,0.2116,19.778,19.355,C
2100635,K18a,11.303644,42.017178,7.039952,1,1,20.066,0.036,19.6,0.041,FM,0,0,0,0.24794,19.91,19.509,C
878114,K18a,11.416636,41.80771,7.085136,1,1,20.002,0.036,19.428,0.041,FM,0,0,0,0.28899,19.828,19.327,C
176852,K18a,10.938511,41.206138,7.102785,2,2,20.054,0.036,19.444,0.041,FM,0,0,0,0.25814,19.893,19.35,C
2185480,K18a,11.204522,41.863231,7.107779,1,1,19.963,0.036,19.404,0.041,FM,0,0,0,0.26311,19.8,19.309,C
171909,K18a,10.938618,41.18757,7.213295,1,1,20.011,0.036,19.441,0.041,FM,0,0,0,0.26416,19.847,19.346,C
2139612,K18a,11.662371,42.116067,7.179592,1,1,19.897,0.036,19.556,0.041,FM,0,0,0,0.26686,19.733,19.461,C
2118932,K18a,11.384803,42.061478,7.260003,1,1,20.044,0.036,19.56,0.041,FM,0,0,0,0.18088,19.917,19.486,C
1023466,K18a,11.311715,41.776036,7.186037,1,1,19.761,0.036,19.312,0.041,FM,0,0,0,0.21657,19.619,19.23,C
227336,K18a,11.183,41.407225,7.250771,2,2,19.915,0.036,19.308,0.041,FM,0,0,0,0.25337,19.756,19.216,C
2052954,K18a,11.577006,41.905896,7.387086,1,1,19.725,0.036,19.375,0.041,FM,0,0,0,0.24043,19.572,19.286,C
2186826,K18a,11.249816,41.86603,7.432723,1,1,19.84,0.036,19.415,0.041,FM,0,0,0,0.25502,19.681,19.323,C
2228661,K18a,11.228439,41.977787,7.406247,1,1,19.907,0.036,19.445,0.041,FM,0,0,0,0.22297,19.762,19.361,C
114122,K18a,11.095969,41.345582,7.441172,1,1,19.93,0.036,19.474,0.041,FM,0,0,0,0.33714,19.734,19.36,C
2184580,K18a,11.152264,41.861196,7.304093,1,1,19.832,0.036,19.249,0.041,FM,0,0,0,0.34535,19.633,19.133,C
228658,K18a,11.264092,41.412076,7.469772,1,1,19.742,0.036,19.256,0.041,FM,0,0,0,0.17385,19.619,19.184,C
174431,K18a,10.931852,41.19699,7.45867,1,1,19.641,0.036,19.16,0.041,FM,0,0,0,0.33106,19.449,19.048,C
496084,K18a,10.868795,41.147739,7.557196,1,1,20.096,0.036,19.5,0.041,FM,0,0,0,0.25516,19.937,19.408,C
179275,K18a,10.984935,41.214787,7.595868,1,1,19.99,0.036,19.28,0.041,FM,0,0,0,0.26328,19.827,19.186,C
129488,K18a,11.122463,41.412187,7.482392,1,1,19.633,0.036,19.168,0.041,FM,0,0,0,0.23524,19.482,19.081,C
959532,K18a,10.914268,41.553063,7.545004,1,1,19.762,0.036,19.302,0.041,FM,0,0,0,0.18792,19.632,19.227,C
444538,K18a,10.724129,41.380578,7.700682,1,1,19.492,0.036,19.044,0.041,FM,0,0,0,0.1568,19.376,18.977,C
2037191,K18a,11.439846,41.868956,7.660551,1,1,20.045,0.036,19.379,0.041,FM,0,0,0,0.30029,19.866,19.274,C
2139578,K18a,11.797105,42.115022,7.750006,1,1,20.06,0.036,19.525,0.041,FM,0,0,0,0.21415,19.919,19.442,C
1072302,K18a,11.323872,41.587502,7.749869,1,1,19.81,0.036,19.388,0.041,FM,0,0,0,0.32383,19.62,19.278,C
2121664,K18a,11.496023,42.068262,7.765552,1,1,19.735,0.036,19.21,0.041,FM,0,0,0,0.17893,19.609,19.137,C
2085505,K18a,11.667435,41.981179,7.767404,1,1,19.756,0.036,19.227,0.041,FM,0,0,0,0.30988,19.572,19.12,C
986806,K18a,11.337419,41.644682,7.778384,1,1,19.608,0.036,19.117,0.041,FM,0,0,0,0.28213,19.437,19.018,C
945513,K18a,11.122992,41.508774,7.771729,1,1,19.717,0.036,19.259,0.041,FM,0,0,0,0.19617,19.584,19.181,C
2102030,K18a,11.650999,42.018615,7.947914,1,1,19.909,0.036,19.356,0.041,FM,0,0,1,0.22438,19.764,19.271,C
217014,K18a,11.141503,41.367194,7.790976,1,1,19.89,0.036,19.287,0.041,FM,0,0,0,0.26758,19.725,19.191,C
2077205,K18a,11.513935,41.963276,7.931969,1,1,19.562,0.036,19.053,0.041,FM,0,0,0,0.23685,19.41,18.965,C
2162476,K18a,11.61758,42.2072,7.873269,1,1,19.706,0.036,19.108,0.041,FM,0,0,0,0.22561,19.559,19.023,C
887051,K18a,10.997775,41.639561,8.266929,1,1,19.539,0.036,19.073,0.041,FM,0,0,0,0.27044,19.373,18.976,C
2182746,K18a,11.111522,41.856766,8.176023,1,1,19.617,0.036,19.17,0.041,FM,0,0,0,0.32064,19.429,19.061,C
2066157,K18a,11.486543,41.937908,8.123356,1,1,19.709,0.036,19.337,0.041,FM,0,0,0,0.23851,19.557,19.248,C
2029408,K18a,11.438922,41.849096,8.115837,1,1,19.848,0.036,19.282,0.041,FM,0,0,0,0.26849,19.683,19.186,C
941707,K18a,11.090992,41.497029,8.246386,1,1,19.651,0.036,19.241,0.041,FM,0,0,0,0.22613,19.505,19.156,C
929854,K18a,11.072568,41.817165,8.295259,1,1,19.616,0.036,19.127,0.041,FM,0,0,0,0.21446,19.475,19.045,C
2201682,K18a,11.219804,41.901279,8.324852,1,1,19.907,0.036,19.363,0.041,FM,0,0,0,0.2781,19.737,19.265,C
131547,K18a,10.98179,41.420911,8.315727,1,1,19.631,0.036,19.049,0.041,FM,0,0,0,0.24158,19.478,18.96,C
129073,K18a,10.969318,41.410561,8.274129,2,2,19.513,0.036,18.996,0.041,FM,0,0,0,0.22365,19.368,18.912,C
2057039,K18a,11.592139,41.915459,8.351245,1,1,19.634,0.036,19.245,0.041,FM,0,0,0,0.23894,19.482,19.156,C
158416,K18a,10.933335,41.13615,8.422765,1,1,19.775,0.036,19.252,0.041,FM,0,0,0,0.23384,19.625,19.164,C
164668,K18a,10.924024,41.160568,8.499542,1,1,19.954,0.036,19.406,0.041,FM,0,0,0,0.27794,19.785,19.308,C
2152474,K18a,11.452476,42.157503,8.424891,1,1,19.804,0.036,19.207,0.041,FM,0,0,0,0.26361,19.641,19.112,C
426611,K18a,10.848316,41.324964,8.478266,1,1,19.43,0.036,18.933,0.041,FM,0,0,0,0.1585,19.313,18.866,C
2067970,K18a,11.451821,41.942473,8.550062,1,1,19.669,0.036,19.201,0.041,FM,0,0,0,0.26841,19.504,19.105,C
1016453,K18a,11.285436,41.75089,8.714111,1,1,19.596,0.036,19.076,0.041,FM,0,0,0,0.23656,19.445,18.988,C
2470678,K18a,11.533277,42.215137,8.602256,1,1,19.953,0.036,19.32,0.041,FM,0,0,0,0.2595,19.792,19.226,C
2117167,K18a,11.358436,42.057201,8.618735,1,1,19.734,0.036,19.27,0.041,FM,0,0,0,0.26278,19.572,19.175,C
113850,K18a,11.083035,41.344353,8.608727,1,1,19.463,0.036,18.941,0.041,FM,0,0,0,0.29749,19.285,18.837,C
1081108,K18a,11.149715,41.621205,8.711681,1,1,19.569,0.036,19.109,0.041,FM,0,0,0,0.20453,19.432,19.029,C
233691,K18a,11.206676,41.430746,8.729991,1,1,19.878,0.036,19.305,0.041,FM,0,0,0,0.24782,19.721,19.214,C
110544,K18a,10.990955,41.330079,8.811705,1,1,19.548,0.036,19.056,0.041,FM,0,0,0,0.23121,19.399,18.969,C
819221,K18a,11.391735,41.658257,8.830552,1,1,19.688,0.036,19.151,0.041,FM,0,0,0,0.22942,19.54,19.065,C
525816,K18a,10.866729,41.232095,8.834147,1,1,19.572,0.036,19.017,0.041,FM,0,0,0,0.21109,19.432,18.935,C
2055148,K18a,11.337276,41.912284,8.89021,1,1,19.81,0.036,19.121,0.041,FM,0,0,0,0.28333,19.638,19.022,C
1046369,K18a,11.215074,41.48701,9.045526,1,1,19.834,0.036,19.297,0.041,FM,0,0,0,0.20699,19.696,19.216,C
2055371,K18a,11.339187,41.912832,8.886435,1,1,19.632,0.036,19.138,0.041,FM,0,0,0,0.28333,19.46,19.039,C
860875,K18a,11.350113,41.765453,8.88981,1,1,19.685,0.036,19.25,0.041,FM,0,0,0,0.25144,19.528,19.158,C
2067404,K18a,11.362368,41.941613,9.042315,1,1,19.471,0.036,19.01,0.041,FM,0,0,0,0.24826,19.314,18.919,C
1201415,K18a,10.845742,41.519726,9.089975,2,2,19.477,0.036,19.01,0.041,FM,0,0,0,0.19712,19.343,18.932,C
978569,K18a,10.981987,41.618434,9.13469,1,1,19.381,0.036,18.924,0.041,FM,0,0,0,0.21976,19.238,18.84,C
103295,K18a,10.957826,41.297752,9.139592,1,1,19.596,0.036,19.168,0.041,FM,0,0,0,0.22087,19.452,19.084,C
2023109,K18a,11.412845,41.829997,9.201779,1,1,19.514,0.036,18.949,0.041,FM,0,0,0,0.29032,19.34,18.847,C
98001,K18a,11.04877,41.273138,9.179332,1,1,19.749,0.036,19.184,0.041,FM,0,0,0,0.28131,19.578,19.085,C
100187,K18a,11.000457,41.283506,9.264224,1,1,19.451,0.036,19.082,0.041,FM,0,0,0,0.24811,19.295,18.992,C
104540,K18a,11.037994,41.303471,9.372134,1,1,19.77,0.036,19.255,0.041,FM,0,0,0,0.23103,19.622,19.168,C
886249,K18a,11.023532,41.636827,9.295698,1,1,19.305,0.036,18.859,0.041,FM,0,0,0,0.23548,19.154,18.771,C
181124,K18a,11.014708,41.221274,9.274078,1,1,19.727,0.036,19.151,0.041,FM,0,0,0,0.261,19.565,19.057,C
889182,K18a,11.037272,41.647331,9.395744,1,1,19.389,0.036,18.861,0.041,FM,0,0,0,0.25786,19.228,18.768,C
2229999,K18a,11.216719,41.981727,9.376796,1,1,19.714,0.036,19.205,0.041,FM,0,0,0,0.25093,19.557,19.113,C
2061174,K18a,11.54562,41.92565,9.505113,1,1,19.522,0.036,19.019,0.041,FM,0,0,0,0.21765,19.379,18.936,C
138095,K18a,11.127188,41.448626,9.505084,1,1,19.469,0.036,18.939,0.041,FM,0,0,0,0.24087,19.316,18.85,C
174759,K18a,10.889845,41.198164,9.552318,1,1,19.515,0.036,18.927,0.041,FM,0,0,0,0.24293,19.361,18.838,C
992784,K18a,11.288701,41.665743,9.646186,1,1,19.456,0.036,18.871,0.041,FM,0,0,0,0.24436,19.301,18.781,C
967141,K18a,11.10283,41.579232,9.433545,1,1,19.402,0.036,18.902,0.041,FM,0,0,0,0.23052,19.253,18.816,C
2091916,K18a,11.352119,41.997279,9.473693,1,1,19.515,0.036,19.085,0.041,FM,0,0,0,0.23492,19.364,18.998,C
1065328,K18a,11.329948,41.56132,9.605712,3,3,19.705,0.036,19.079,0.041,FM,0,0,0,0.2093,19.566,18.999,C
984216,K18a,11.267666,41.635196,9.429063,2,2,19.447,0.036,18.989,0.041,FM,0,0,0,0.24152,19.294,18.9,C
1081392,K18a,11.260929,41.621975,9.658559,2,2,19.648,0.036,19.087,0.041,FM,0,0,0,0.25135,19.49,18.995,C
2098629,K18a,11.384183,42.012323,9.864499,1,1,19.39,0.036,18.901,0.041,FM,0,0,0,0.25391,19.231,18.809,C
2049357,K18a,11.472054,41.89835,9.673474,1,1,19.636,0.036,19.223,0.041,FM,0,0,0,0.24696,19.48,19.133,C
178720,K18a,10.971924,41.212778,9.799949,1,1,19.496,0.036,18.895,0.041,FM,0,0,0,0.28898,19.321,18.794,C
178158,K18a,10.94877,41.210828,9.693505,1,1,19.88,0.036,19.111,0.041,FM,0,0,0,0.25494,19.721,19.019,C
2024076,K18a,11.494722,41.832679,9.822774,1,1,19.398,0.036,18.866,0.041,FM,0,0,0,0.25497,19.238,18.773,C
167663,K18a,10.941411,41.171678,9.964395,1,1,19.587,0.036,18.935,0.041,FM,0,0,0,0.25077,19.43,18.843,C
178668,K18a,10.919334,41.212653,10.038541,1,1,19.787,0.036,19.17,0.041,FM,0,0,0,0.23958,19.635,19.081,C
1001003,K18a,11.276471,41.694859,10.056679,2,2,19.2,0.036,18.783,0.041,FM,0,0,0,0.22256,19.055,18.698,C
981167,K18a,11.016231,41.62778,10.097464,1,1,19.275,0.036,18.853,0.041,FM,0,0,0,0.23165,19.126,18.767,C
2156032,K18a,11.649544,42.173111,10.230623,1,1,19.333,0.036,18.9,0.041,FM,0,0,0,0.25341,19.174,18.808,C
2159007,K18a,11.632067,42.187503,10.130647,2,2,19.558,0.036,18.935,0.041,FM,0,0,0,0.24162,19.405,18.846,C
2211114,K18a,11.184855,41.92721,10.29074,1,1,19.371,0.036,18.791,0.041,FM,0,0,0,0.2638,19.208,18.696,C
2039658,K18a,11.445822,41.874928,10.301024,1,1,19.529,0.036,18.94,0.041,FM,0,0,0,0.25161,19.371,18.848,C
184790,K18a,11.022,41.234537,10.291195,1,1,19.456,0.036,19.007,0.041,FM,0,0,0,0.24092,19.303,18.918,C
2097144,K18a,11.709881,42.00699,10.511878,1,1,19.155,0.036,18.692,0.041,FM,0,0,1,0.26691,18.991,18.596,C
116394,K18a,11.091714,41.354962,10.30269,1,1,19.522,0.036,19.027,0.041,FM,0,0,0,0.29362,19.346,18.924,C
884061,K18a,11.415258,41.826282,10.357944,1,1,19.574,0.036,19.003,0.041,FM,0,0,0,0.29997,19.395,18.899,C
2041897,K18a,11.380759,41.880821,10.431163,1,1,19.519,0.036,19.062,0.041,FM,0,0,0,0.2558,19.36,18.969,C
2106187,K18a,11.348137,42.030095,10.364731,1,1,19.403,0.036,18.895,0.041,FM,0,0,0,0.2743,19.235,18.798,C
227337,K18a,11.171482,41.407246,10.351806,1,1,19.485,0.036,18.93,0.041,FM,0,0,0,0.2562,19.325,18.837,C
527554,K18a,10.873332,41.236885,10.498164,1,1,19.241,0.036,18.726,0.041,FM,0,0,0,0.20245,19.105,18.647,C
2110502,K18a,11.358277,42.040479,10.463475,1,1,19.313,0.036,18.786,0.041,FM,0,0,0,0.21668,19.17,18.703,C
105347,K18a,11.053299,41.306848,10.631334,1,1,19.724,0.036,19.156,0.041,FM,0,0,0,0.25777,19.563,19.063,C
819676,K18a,11.368499,41.659542,10.58497,1,1,19.71,0.036,19.11,0.041,FM,0,0,0,0.25114,19.553,19.018,C
181759,K18a,10.974489,41.223678,10.731068,1,1,19.486,0.036,18.828,0.041,FM,0,0,0,0.27832,19.316,18.73,C
982049,K18a,10.972424,41.631181,10.76856,1,1,19.098,0.036,18.619,0.041,FM,0,0,0,0.21453,18.957,18.537,C
225289,K18a,11.169752,41.399471,10.849932,1,1,19.605,0.036,19.131,0.041,FM,0,0,0,0.25623,19.445,19.038,C
510468,K18a,10.742529,41.188987,10.816195,1,1,19.322,0.036,18.793,0.041,FM,0,0,0,0.17839,19.197,18.72,C
893622,K18a,11.091731,41.664196,10.868163,2,2,19.462,0.036,19.029,0.041,FM,0,0,0,0.2094,19.323,18.948,C
1082371,K18a,11.138409,41.626066,10.644129,2,2,19.076,0.036,18.546,0.041,FM,0,0,0,0.2088,18.937,18.465,C
2051597,K18a,11.410193,41.903695,10.956028,1,1,19.696,0.036,19.049,0.041,FM,0,0,0,0.29907,19.518,18.945,C
114155,K18a,11.072288,41.345708,10.893389,1,1,19.806,0.036,19.103,0.041,FM,0,0,0,0.29243,19.63,19.001,C
171428,K18a,10.951482,41.185825,10.949636,1,1,19.718,0.036,19.119,0.041,FM,0,0,0,0.27325,19.551,19.022,C
2470978,K18a,11.576245,42.216002,10.953605,1,1,19.868,0.036,19.268,0.041,FM,0,0,0,0.28967,19.693,19.166,C
2124341,K18a,11.61505,42.074725,11.145869,1,1,19.207,0.036,18.715,0.041,FM,0,0,1,0.2303,19.058,18.629,C
870641,K18a,11.332468,41.788876,11.13689,1,1,19.478,0.036,18.861,0.041,FM,0,0,0,0.26896,19.313,18.765,C
108565,K18a,11.092562,41.321368,10.960361,1,1,19.356,0.036,18.857,0.041,FM,0,0,0,0.26004,19.194,18.763,C
2186453,K18a,11.231916,41.865245,11.13331,1,1,19.167,0.036,18.762,0.041,FM,0,0,0,0.24378,19.013,18.672,C
2464248,K18a,11.752913,42.174373,11.217337,1,1,19.477,0.036,18.972,0.041,FM,0,0,0,0.26821,19.311,18.876,C
2054523,K18a,11.41547,41.910521,11.16538,1,1,19.226,0.036,18.695,0.041,FM,0,0,0,0.28573,19.053,18.595,C
891135,K18a,11.04628,41.654683,11.186809,1,1,19.281,0.036,18.761,0.041,FM,0,0,0,0.26317,19.118,18.667,C
2122171,K18a,11.673327,42.068557,11.731285,1,1,19.192,0.036,18.759,0.041,FM,0,0,1,0.27847,19.022,18.66,C
926579,K18a,11.065898,41.801447,11.304513,1,1,19.282,0.036,18.793,0.041,FM,0,0,0,0.23311,19.132,18.706,C
853603,K18a,11.421034,41.747289,11.635533,1,1,19.313,0.036,18.722,0.041,FM,0,0,0,0.24531,19.158,18.632,C
2175375,K18a,11.092632,41.839899,11.627715,1,1,19.171,0.036,18.581,0.041,FM,0,0,0,0.30591,18.989,18.475,C
2191025,K18a,11.153989,41.876479,11.510893,1,1,19.375,0.036,18.813,0.041,FM,0,0,0,0.24817,19.218,18.722,C
102825,K18a,10.992745,41.29559,11.638402,1,1,19.404,0.036,18.915,0.041,FM,0,0,0,0.26286,19.242,18.82,C
2145169,K18a,11.642835,42.132466,11.729536,1,1,19.212,0.036,18.649,0.041,FM,0,0,0,0.24982,19.055,18.557,C
524192,K18a,10.762049,41.227499,11.289157,1,1,19.096,0.036,18.491,0.041,FM,0,1,0,0.16045,18.978,18.423,C
2175733,K18a,11.073809,41.840725,12.044287,1,1,19.342,0.036,18.68,0.041,FM,0,0,0,0.2605,19.181,18.586,C
171212,K18a,10.933623,41.184969,12.319198,1,1,19.257,0.036,18.613,0.041,FM,0,0,0,0.26562,19.093,18.518,C
892320,K18a,11.039286,41.659139,12.314511,2,2,18.936,0.036,18.553,0.041,FM,0,0,0,0.22644,18.79,18.468,C
977068,K18a,11.12906,41.613345,12.351117,1,1,18.957,0.036,18.35,0.041,FM,0,0,0,0.24299,18.803,18.261,C
186263,K18a,10.963327,41.240048,11.787453,1,1,19.531,0.036,18.961,0.041,FM,0,0,0,0.24683,19.375,18.87,C
979093,K18a,10.965037,41.620457,12.507396,1,1,19.226,0.036,18.722,0.041,FM,0,0,0,0.2162,19.084,18.639,C
988506,K18a,11.326202,41.650591,12.559206,1,1,19.525,0.036,18.858,0.041,FM,0,0,0,0.31351,19.34,18.751,C
125990,K18a,11.091661,41.39663,12.573586,1,1,19.278,0.036,18.735,0.041,FM,0,0,0,0.23228,19.128,18.649,C
969824,K18a,11.096255,41.588308,12.858311,1,1,19.092,0.036,18.658,0.041,FM,0,0,0,0.21044,18.952,18.577,C
228980,K18a,11.131737,41.41358,12.778392,1,1,19.217,0.036,18.844,0.041,FM,0,0,0,0.2423,19.063,18.755,C
1020358,K18a,11.308568,41.764557,12.749586,1,1,19.093,0.036,18.659,0.041,FM,0,0,0,0.2261,18.946,18.574,C
2026949,K18a,11.52915,41.841385,12.85619,1,1,19.321,0.036,18.91,0.041,FM,0,0,0,0.20861,19.182,18.829,C
957242,K18a,11.107819,41.545682,12.899186,1,1,18.797,0.036,18.377,0.041,FM,0,0,0,0.21047,18.657,18.296,C
2171118,K18a,11.303309,41.82978,12.859153,1,1,19.285,0.036,18.801,0.041,FM,0,0,0,0.24199,19.131,18.711,C
2018833,K18a,11.407778,41.808947,12.990949,1,1,19.333,0.036,18.732,0.041,FM,0,0,0,0.33263,19.14,18.62,C
2051381,K18a,11.343563,41.903444,13.032764,1,1,18.906,0.036,18.353,0.041,FM,0,0,0,0.27806,18.736,18.254,C
120376,K18a,11.091029,41.372335,13.155997,2,2,19.096,0.036,18.569,0.041,FM,0,0,0,0.26492,18.932,18.473,C
1084015,K18a,11.131443,41.632112,13.267886,2,2,19.275,0.036,18.71,0.041,FM,0,0,0,0.22787,19.128,18.625,C
122509,K18a,10.938983,41.381488,13.566248,1,1,19.04,0.036,18.359,0.041,FM,0,0,0,0.22771,18.892,18.273,C
183956,K18a,11.016791,41.231579,13.527324,2,2,19.222,0.036,18.61,0.041,FM,0,0,0,0.22932,19.074,18.524,C
108718,K18a,11.090793,41.322043,13.666014,1,1,19.023,0.036,18.495,0.041,FM,0,0,0,0.28537,18.851,18.395,C
2023616,K18a,11.411349,41.831595,13.584884,1,1,19.233,0.036,18.674,0.041,FM,0,0,0,0.28882,19.059,18.573,C
2175901,K18a,11.097561,41.841,13.648454,1,1,19.355,0.036,18.887,0.041,FM,0,0,0,0.31474,19.169,18.779,C
2205808,K18a,11.143282,41.911796,13.567111,1,1,18.689,0.036,18.245,0.041,FM,0,0,0,0.27649,18.52,18.147,C
893045,K18a,11.038673,41.662034,13.361203,1,1,19.159,0.036,18.768,0.041,FM,0,0,0,0.2444,19.005,18.678,C
2193399,K18a,11.163232,41.88199,13.842389,1,1,19.237,0.036,18.677,0.041,FM,0,0,0,0.27847,19.067,18.579,C
514496,K18a,10.859144,41.200508,13.77289,1,1,19.124,0.036,18.56,0.041,FM,0,0,0,0.21883,18.981,18.477,C
992980,K18a,11.330914,41.666154,14.123626,1,1,18.816,0.036,18.366,0.041,FM,0,0,0,0.26303,18.654,18.272,C
167606,K18a,10.928778,41.171522,14.422223,1,1,19.104,0.036,18.439,0.041,FM,0,0,0,0.26396,18.941,18.344,C
1046525,K18a,11.202869,41.487655,14.123791,1,1,18.788,0.036,18.335,0.041,FM,0,0,0,0.23513,18.637,18.247,C
1066426,K18a,11.258522,41.565751,14.592085,1,1,19.114,0.036,18.471,0.041,FM,0,0,0,0.25719,18.954,18.378,C
2501659,K18a,11.594763,42.331198,14.903057,1,1,18.896,0.036,18.363,0.041,FM,0,0,0,0.14695,18.785,18.298,C
2185518,K18a,11.098339,41.863489,14.677036,1,1,19.036,0.036,18.479,0.041,FM,0,0,0,0.34005,18.839,18.365,C
976119,K18a,10.912063,41.61012,14.611439,1,1,18.869,0.036,18.314,0.041,FM,0,0,0,0.16307,18.75,18.245,C
1043739,K18a,11.182279,41.47657,14.653681,1,1,19.126,0.036,18.459,0.041,FM,0,0,0,0.29939,18.947,18.355,C
106115,K18a,11.040117,41.310389,14.924754,1,1,19.196,0.036,18.603,0.041,FM,0,0,0,0.26456,19.032,18.508,C
2022817,K18a,11.394007,41.828962,14.864947,1,1,18.79,0.036,18.159,0.041,FM,0,0,0,0.27291,18.623,18.061,C
188724,K18a,10.925285,41.248929,15.249145,1,1,19.145,0.036,18.509,0.041,FM,0,0,0,0.21856,19.002,18.425,C
2065737,K18a,11.39335,41.937337,15.376217,1,1,18.943,0.036,18.335,0.041,FM,0,0,0,0.303,18.762,18.23,C
932071,K18a,11.050694,41.828887,15.930637,1,1,18.975,0.036,18.408,0.041,FM,0,0,0,0.28665,18.802,18.307,C
529381,K18a,10.777264,41.24193,15.751052,1,1,18.774,0.036,18.252,0.041,FM,0,0,0,0.15582,18.658,18.184,C
186808,K18a,10.90471,41.242004,15.910152,1,1,18.948,0.036,18.358,0.041,FM,0,0,0,0.21992,18.804,18.275,C
926676,K18a,11.046345,41.801955,16.086523,1,1,18.863,0.036,18.259,0.041,FM,0,0,0,0.2414,18.71,18.17,C
2035415,K18a,11.45535,41.864422,16.089298,1,1,18.844,0.036,18.357,0.041,FM,0,0,0,0.23525,18.694,18.269,C
171728,K18a,10.9067,41.186903,16.598494,1,1,18.965,0.036,18.468,0.041,FM,0,0,0,0.25616,18.805,18.375,C
184857,K18a,10.977366,41.234818,16.361408,1,1,18.884,0.036,18.285,0.041,FM,0,0,0,0.22587,18.738,18.2,C
1063111,K18a,11.22918,41.553151,16.196831,1,1,18.931,0.036,18.322,0.041,FM,0,0,0,0.25334,18.772,18.23,C
838173,K18a,11.35451,41.708864,16.560224,2,2,19.008,0.036,18.421,0.041,FM,0,0,0,0.28368,18.836,18.322,C
100256,K18a,11.044364,41.283832,16.137832,1,1,18.837,0.036,18.288,0.041,FM,0,0,0,0.28048,18.667,18.189,C
2113097,K18a,11.711847,42.044947,17.172872,1,1,18.859,0.036,18.356,0.041,FM,0,0,1,0.25655,18.699,18.263,C
2202378,K18a,11.169803,41.903284,17.417331,1,1,18.772,0.036,18.171,0.041,FM,0,0,0,0.27533,18.604,18.073,C
185539,K18a,10.983705,41.237331,16.708088,1,1,18.932,0.036,18.403,0.041,FM,0,0,0,0.23272,18.783,18.316,C
114429,K18a,11.078434,41.346833,16.718872,1,1,18.763,0.036,18.115,0.041,FM,0,0,0,0.3063,18.581,18.009,C
114835,K18a,11.02398,41.348556,17.605177,1,1,18.916,0.036,18.205,0.041,FM,0,0,0,0.25438,18.757,18.113,C
2092057,K18a,11.359492,41.997567,18.781969,1,1,18.906,0.036,18.198,0.041,FM,0,0,0,0.2329,18.756,18.111,C
109844,K18a,10.945469,41.326963,17.643819,1,1,18.401,0.036,17.987,0.041,FM,0,0,0,0.18105,18.274,17.913,C
180060,K18a,10.985128,41.217613,17.716296,1,1,18.584,0.036,18.034,0.041,FM,0,0,0,0.2556,18.424,17.942,C
980119,K18a,10.953481,41.624066,18.605237,1,1,18.479,0.036,17.893,0.041,FM,0,0,0,0.2093,18.34,17.812,C
2213349,K18a,11.266848,41.933307,18.855322,1,1,18.603,0.036,17.932,0.041,FM,0,0,0,0.26958,18.437,17.836,C
2182037,K18a,11.282256,41.854599,18.956824,1,1,19.068,0.036,18.508,0.041,FM,0,0,0,0.31634,18.882,18.4,C
848638,K18a,11.350995,41.735143,20.234055,1,1,18.761,0.036,18.222,0.041,FM,0,0,0,0.2778,18.591,18.123,C
2176960,K18a,11.111711,41.843285,20.198866,2,2,18.34,0.036,17.77,0.041,FM,0,0,0,0.30639,18.158,17.664,C
163026,K18a,10.952265,41.153912,20.096634,1,1,18.182,0.036,17.648,0.041,FM,0,0,0,0.22748,18.035,17.563,C
1075714,K18a,11.26344,41.60054,20.197461,2,2,18.471,0.036,17.938,0.041,FM,0,0,0,0.25911,18.31,17.844,C
1042825,K18a,11.235368,41.472897,21.817063,1,1,18.596,0.036,17.95,0.041,FM,0,0,0,0.29416,18.419,17.848,C
132245,K18a,11.022889,41.424251,21.736528,1,1,18.358,0.036,17.82,0.041,FM,0,0,0,0.17601,18.233,17.748,C
1197060,K18a,10.810672,41.504037,21.971148,1,1,18.451,0.036,17.831,0.041,FM,0,0,0,0.20413,18.314,17.752,C
2043783,K18a,11.538154,41.884894,22.394241,1,1,18.304,0.036,17.771,0.041,FM,0,0,0,0.24603,18.149,17.68,C
107124,K18a,10.998385,41.314944,22.233089,1,1,18.301,0.036,17.927,0.041,FM,0,0,0,0.21677,18.159,17.844,C
943285,K18a,11.007868,41.502018,22.199501,1,1,18.438,0.036,17.932,0.041,FM,0,0,0,0.17701,18.313,17.86,C
2135262,K18a,11.656426,42.103757,22.67427,1,1,18.523,0.036,18.055,0.041,FM,0,0,1,0.26683,18.359,17.959,C
929227,K18a,11.047894,41.814085,23.180233,1,1,18.281,0.036,17.843,0.041,FM,0,0,0,0.32189,18.092,17.733,C
186320,K18a,11.012095,41.240205,25.381092,1,1,18.566,0.036,17.987,0.041,FM,0,0,0,0.21982,18.422,17.903,C
1052273,K18a,11.241482,41.509395,23.288087,2,2,18.827,0.036,18.193,0.041,FM,0,0,0,0.25188,18.669,18.101,C
2200129,K18a,11.218756,41.897427,27.510184,1,1,18.318,0.036,17.69,0.041,FM,0,0,0,0.33745,18.122,17.577,C
1081355,K18a,11.279663,41.621764,26.429404,1,1,18.171,0.036,17.583,0.041,FM,0,0,0,0.23652,18.02,17.495,C
1058535,K18a,11.273931,41.534884,26.53934,1,1,18.309,0.036,17.61,0.041,FM,0,0,0,0.28528,18.136,17.51,C
185904,K18a,10.996143,41.238625,27.888057,1,1,18.334,0.036,17.69,0.041,FM,0,0,0,0.25546,18.174,17.597,C
185753,K18a,10.905657,41.23809,28.802572,1,1,18.465,0.036,17.868,0.041,FM,0,0,0,0.22151,18.321,17.784,C
834826,K18a,11.363274,41.699848,28.677158,2,2,18.257,0.036,17.743,0.041,FM,0,0,0,0.27374,18.09,17.646,C
2080115,K18a,11.686385,41.968748,30.950724,1,1,18.025,0.036,17.409,0.041,FM,0,0,0,0.26433,17.861,17.314,C
2030847,K18a,11.381116,41.853392,31.517755,1,1,18.178,0.036,17.536,0.041,FM,0,0,0,0.26602,18.014,17.44,C
2149908,K18a,11.673079,42.147474,32.16875,1,1,17.863,0.036,17.253,0.041,FM,0,0,0,0.24387,17.709,17.163,C
2154662,K18a,11.619786,42.166931,33.583048,1,1,17.988,0.036,17.397,0.041,FM,0,0,0,0.21241,17.847,17.315,C
116004,K18a,11.099734,41.353384,35.902575,1,1,17.907,0.036,17.284,0.041,FM,0,0,0,0.31348,17.722,17.177,C
832653,K18a,11.348408,41.693408,36.831917,1,1,18.013,0.036,17.249,0.041,FM,0,0,0,0.27697,17.844,17.151,C
865178,K18a,11.44054,41.77494,42.146768,2,2,17.816,0.036,17.078,0.041,FM,0,0,0,0.2565,17.656,16.985,C
2126848,K18a,11.696715,42.08069,43.471737,1,1,17.593,0.036,16.965,0.041,FM,0,0,1,0.30299,17.412,16.86,C
964413,K18a,11.064131,41.569258,76.555568,1,1,16.853,0.036,16.168,0.041,FM,0,0,0,0.25845,16.692,16.075,C
188335,K18a,10.929138,41.247579,43.433185,1,1,17.471,0.036,16.813,0.041,FM,0,0,0,0.22863,17.323,16.727,C
171391,K18a,10.918054,41.18569,55.938458,1,1,17.856,0.036,17.127,0.041,FM,0,0,0,0.27709,17.687,17.029,C
2194096,K18a,11.143148,41.88356,74.097149,1,1,16.651,0.036,16.109,0.041,FM,0,0,0,0.28513,16.479,16.009,C
875487,K18a,11.557202,41.799973,4.029295,1,1,20.681,0.036,20.235,0.041,FM,0,1,0,0.22005,20.537,20.151,C
2023638,K18a,11.559037,41.830826,3.281881,1,1,21.008,0.036,20.53,0.041,FM,0,0,0,0.23383,20.858,20.443,C
882844,K18a,11.567307,41.819629,3.5771,1,1,20.758,0.036,20.425,0.041,FM,0,1,0,0.23981,20.605,20.336,C
2474714,K18a,11.617646,42.228076,2.868408,1,1,20.7,0.036,20.78,0.041,FM,0,0,0,0.25775,20.539,20.687,R
1996320,K18a,11.843148,42.068432,3.062798,1,1,21.076,0.036,20.624,0.041,FM,0,0,1,0.0,21.029,20.596,R
1999499,K18a,11.851562,42.088654,3.087994,1,1,21.052,0.036,20.602,0.041,FM,0,0,1,0.0,21.005,20.575,R
2092951,K18a,11.824794,41.996841,3.124018,1,1,21.122,0.036,20.676,0.041,FM,0,0,1,0.0,21.075,20.648,R
191195,K18a,11.036171,41.258116,3.226318,1,1,20.566,0.036,20.015,0.041,FM,0,0,0,0.23756,20.415,19.926,R
2099486,K18a,11.789612,42.011747,3.356651,1,1,20.852,0.036,20.457,0.041,FM,0,0,1,0.0,20.805,20.429,R
2484982,K18a,11.795186,42.262501,3.44979,1,1,20.787,0.036,20.354,0.041,FM,0,0,0,0.0,20.74,20.327,R
1200420,K18a,10.829799,41.515706,3.532512,1,1,20.432,0.036,19.854,0.041,FM,0,0,0,0.18938,20.302,19.778,R
2465224,K18a,11.624308,42.182603,3.570441,1,1,20.86,0.036,20.633,0.041,FM,0,0,0,0.25023,20.703,20.541,R
2111408,K18a,11.756464,42.040452,3.820194,1,1,20.457,0.036,19.735,0.041,FM,0,0,1,0.23784,20.305,19.647,R
2010304,K18a,11.887946,42.159551,3.927768,1,1,20.818,0.036,20.24,0.041,FM,0,0,0,0.0,20.771,20.212,R
102646,K18a,11.080985,41.294618,4.011686,1,1,20.14,0.036,19.399,0.041,FM,0,0,0,0.24624,19.984,19.309,R
2504604,K18a,11.601392,42.344905,4.169369,1,1,20.466,0.036,19.992,0.041,FM,0,1,0,0.0,20.419,19.965,R
217694,K18a,11.303088,41.369589,4.219893,1,1,20.64,0.036,20.22,0.041,FM,0,0,0,0.0,20.593,20.193,R
2146265,K18a,11.754917,42.135109,4.312613,2,2,20.74,0.036,20.254,0.041,FM,0,1,0,0.0,20.693,20.227,R
2486560,K18a,11.596614,42.269477,4.350774,1,1,20.63,0.036,20.151,0.041,FM,0,0,0,0.0,20.583,20.123,R
2159099,K18a,11.515967,42.188543,4.367304,1,1,20.476,0.036,20.3,0.041,FM,0,0,0,0.23871,20.324,20.211,R
169545,K18a,10.9389,41.17877,4.587793,1,1,20.24,0.036,19.658,0.041,FM,0,0,0,0.26177,20.078,19.563,R
2029033,K18a,11.390766,41.848307,4.836471,1,1,20.121,0.036,19.435,0.041,FM,0,0,0,0.29449,19.945,19.332,R
2153495,K18a,11.664582,42.160931,4.89337,1,1,20.275,0.036,20.082,0.041,FM,0,0,0,0.22741,20.128,19.997,R
2137931,K18a,11.790771,42.110497,5.241316,1,1,19.749,0.036,19.118,0.041,FM,0,0,0,0.22438,19.603,19.034,R
2014406,K18a,11.890767,42.196741,5.370323,1,1,20.515,0.036,19.978,0.041,FM,0,0,0,0.0,20.468,19.95,R
2054319,K18a,11.349259,41.910326,5.962781,1,1,19.777,0.036,19.2,0.041,FM,0,0,0,0.2924,19.602,19.098,R
111500,K18a,11.114452,41.334141,6.148177,1,1,19.417,0.036,18.945,0.041,FM,0,0,0,0.25676,19.257,18.852,R
925522,K18a,11.054188,41.796363,6.170063,1,1,19.287,0.036,18.831,0.041,FM,0,0,0,0.22595,19.141,18.745,R
115763,K18a,11.11426,41.35236,6.166236,1,1,19.608,0.036,18.874,0.041,FM,0,0,0,0.26876,19.443,18.778,R
896374,K18a,11.065173,41.675,6.322582,2,2,19.212,0.036,18.779,0.041,FM,0,0,0,0.16758,19.091,18.709,R
1057118,K18a,11.22505,41.529297,6.720823,1,1,19.645,0.036,19.046,0.041,FM,0,0,0,0.26921,19.479,18.95,R
2037568,K18a,11.548271,41.869281,7.175724,1,1,19.733,0.036,19.047,0.041,FM,0,0,0,0.24001,19.58,18.958,R
992697,K18a,11.283999,41.6654,8.698585,1,1,19.476,0.036,18.805,0.041,FM,0,0,0,0.27829,19.307,18.707,R
983780,K18a,11.188523,41.633917,8.876542,1,1,19.15,0.036,18.385,0.041,FM,0,0,0,0.19937,19.015,18.307,R
867535,K18a,11.398066,41.780802,8.715978,1,1,19.531,0.036,18.87,0.041,FM,0,0,0,0.23674,19.38,18.782,R
505085,K18a,10.846659,41.173833,8.569051,1,1,19.128,0.036,18.361,0.041,FM,0,0,0,0.22353,18.982,18.277,R
809538,K18a,11.51571,41.631242,10.025332,1,1,19.549,0.036,19.109,0.041,FM,0,0,0,0.0,19.502,19.082,R
2158353,K18a,11.575819,42.184511,12.323417,1,1,19.257,0.036,18.961,0.041,FM,0,0,0,0.20816,19.119,18.88,R
1063124,K18a,11.252389,41.553097,13.760092,1,1,19.394,0.036,18.488,0.041,FM,0,0,0,0.29139,19.218,18.386,R
2143993,K18a,11.651737,42.128729,15.421719,1,1,19.286,0.036,18.821,0.041,FM,0,0,0,0.23344,19.137,18.734,R
433964,K18a,10.705678,41.346776,17.765678,1,1,18.301,0.036,17.566,0.041,FM,0,0,0,0.18917,18.17,17.49,R
189314,K18a,10.995344,41.250955,17.843667,1,1,19.194,0.036,18.663,0.041,FM,0,0,0,0.23264,19.044,18.576,R
99586,K18a,11.073233,41.280639,20.655104,1,1,19.072,0.036,18.592,0.041,FM,0,0,0,0.25282,18.914,18.5,R
1072345,K18a,11.281367,41.587781,21.290017,1,1,18.954,0.036,18.434,0.041,FM,0,0,0,0.27908,18.784,18.335,R
2470271,K18a,11.450581,42.21409,21.172809,1,1,18.938,0.036,18.475,0.041,FM,0,0,0,0.22709,18.791,18.389,R
986080,K18a,11.299428,41.641941,25.565698,1,1,18.499,0.036,18.047,0.041,FM,0,0,0,0.25856,18.338,17.953,R
928076,K18a,11.073435,41.80852,31.716901,1,1,18.389,0.036,17.873,0.041,FM,0,0,0,0.2243,18.243,17.788,R
