MJD,mA,e_mA,mB,e_mB
117.000,16.970,0.023,16.927,0.022
118.020,16.961,0.023,16.919,0.022
119.060,16.975,0.023,16.934,0.022
120.040,16.924,0.022,16.879,0.021
122.000,17.012,0.023,16.961,0.022
124.970,16.921,0.016,16.887,0.016
127.000,16.962,0.015,16.924,0.016
140.130,16.917,0.016,16.955,0.016
141.980,16.971,0.019,16.981,0.019
143.080,16.956,0.021,16.962,0.020
160.030,16.945,0.015,16.966,0.015
163.010,16.931,0.016,16.942,0.016
168.110,16.888,0.017,16.901,0.017
169.030,16.946,0.016,16.963,0.016
173.900,16.983,0.022,16.964,0.021
174.870,16.982,0.024,16.971,0.022
175.870,16.916,0.023,16.924,0.021
176.890,16.937,0.023,16.965,0.022
177.870,16.927,0.023,16.917,0.021
178.860,16.951,0.021,16.939,0.020
179.950,16.944,0.019,16.924,0.019
187.950,16.981,0.015,16.973,0.016
189.020,16.986,0.019,16.969,0.018
190.040,16.986,0.016,16.944,0.017
190.940,16.992,0.015,16.956,0.016
201.900,16.976,0.020,16.957,0.020
202.890,16.945,0.022,16.947,0.020
204.860,16.979,0.021,17.007,0.020
213.900,17.013,0.017,17.008,0.017
230.925,17.001,0.023,17.013,0.022
233.920,17.047,0.026,17.017,0.025
237.880,17.005,0.019,17.006,0.019
238.890,17.022,0.019,17.015,0.018
240.890,17.002,0.021,16.974,0.020
241.900,16.993,0.018,16.985,0.018
347.250,17.037,0.037,16.984,0.034
353.250,16.976,0.036,16.937,0.033
354.240,17.041,0.038,16.976,0.035
356.240,17.041,0.033,16.948,0.031
360.220,17.065,0.036,16.966,0.033
361.220,17.030,0.034,16.947,0.031
362.210,17.045,0.032,16.965,0.030
411.250,16.966,0.028,16.934,0.026
413.240,16.965,0.029,16.921,0.027
420.260,16.959,0.028,16.945,0.026
431.080,16.871,0.028,16.866,0.026
436.030,16.868,0.030,16.892,0.027
437.040,16.930,0.025,16.925,0.024
452.000,16.913,0.022,16.931,0.021
455.170,16.902,0.022,16.931,0.021
466.980,16.939,0.031,16.948,0.028
472.130,16.873,0.035,16.865,0.032
473.070,16.936,0.034,16.917,0.031
482.030,16.922,0.025,16.912,0.024
486.155,16.899,0.025,16.886,0.024
488.000,16.916,0.025,16.905,0.023
495.060,16.859,0.026,16.863,0.025
496.060,16.941,0.028,16.922,0.026
498.070,16.936,0.032,16.908,0.029
504.950,16.913,0.026,16.901,0.025
512.020,16.900,0.025,16.858,0.023
513.010,16.901,0.024,16.873,0.023
514.990,16.947,0.023,16.914,0.022
519.080,16.957,0.026,16.926,0.025
532.090,16.974,0.037,16.953,0.033
537.110,16.934,0.027,16.901,0.026
539.050,16.963,0.024,16.921,0.023
540.010,16.933,0.027,16.912,0.024
547.920,16.967,0.025,16.930,0.024
548.880,16.944,0.025,16.899,0.024
556.870,16.969,0.032,16.913,0.030
564.880,16.929,0.033,16.892,0.030
570.900,16.974,0.025,16.918,0.024
571.890,16.978,0.024,16.906,0.023
572.900,16.984,0.027,16.911,0.026
573.895,17.004,0.032,16.939,0.030
582.980,16.982,0.028,16.920,0.027
583.880,16.993,0.032,16.967,0.029
584.950,16.953,0.029,16.892,0.027
586.890,16.982,0.028,16.933,0.027
589.980,17.007,0.035,16.951,0.032
590.970,16.930,0.032,16.879,0.030
591.950,16.970,0.034,16.902,0.031
592.880,16.999,0.026,16.969,0.025
593.890,16.978,0.024,16.925,0.023
598.900,16.985,0.026,16.921,0.025
604.880,16.964,0.033,16.906,0.030
610.900,16.941,0.026,16.915,0.025
611.890,16.958,0.028,16.920,0.026
621.910,16.936,0.031,16.905,0.028
632.880,17.036,0.035,17.008,0.032
635.875,16.986,0.036,16.980,0.033
636.880,17.045,0.040,17.016,0.036
729.240,16.888,0.028,16.924,0.027
730.230,16.952,0.024,16.996,0.023
733.240,16.939,0.027,16.986,0.025
734.230,16.960,0.025,16.999,0.024
735.220,16.918,0.025,16.956,0.023
736.200,16.936,0.032,16.990,0.030
744.230,16.943,0.030,17.023,0.028
750.250,16.930,0.030,16.990,0.028
752.170,16.957,0.029,17.010,0.026
756.240,16.942,0.032,17.008,0.029
761.140,16.892,0.023,16.960,0.022
765.260,16.920,0.023,16.975,0.022
766.250,16.949,0.028,17.013,0.027
767.260,16.923,0.029,17.001,0.027
770.220,16.924,0.028,16.994,0.026
771.260,16.928,0.028,16.979,0.026
772.150,16.935,0.028,16.984,0.026
774.230,16.944,0.024,17.001,0.023
775.220,16.931,0.031,17.024,0.029
777.200,16.921,0.022,16.965,0.021
780.220,16.913,0.021,16.959,0.021
782.220,16.937,0.028,16.982,0.027
785.180,16.949,0.036,16.982,0.033
790.060,16.954,0.026,16.986,0.025
793.070,16.941,0.029,16.969,0.027
794.110,16.974,0.029,17.000,0.028
795.275,16.966,0.029,16.953,0.027
796.260,16.954,0.034,16.969,0.031
802.060,16.990,0.031,16.973,0.029
805.200,16.982,0.024,16.953,0.023
819.120,16.956,0.027,16.940,0.026
820.160,16.970,0.031,16.953,0.029
821.180,16.949,0.024,16.927,0.023
827.200,16.932,0.031,16.928,0.029
828.140,16.958,0.028,16.949,0.027
829.170,16.957,0.030,16.937,0.028
830.150,16.917,0.028,16.901,0.026
830.970,16.927,0.026,16.912,0.025
832.010,16.933,0.028,16.922,0.026
834.260,16.873,0.029,16.865,0.028
837.150,16.936,0.023,16.926,0.022
839.110,16.960,0.027,16.921,0.026
867.200,16.930,0.026,16.876,0.025
868.105,16.923,0.029,16.880,0.027
868.940,16.936,0.027,16.877,0.026
871.960,16.951,0.026,16.885,0.025
872.900,16.939,0.031,16.871,0.029
874.020,16.919,0.021,16.854,0.021
874.970,16.920,0.021,16.876,0.021
876.970,16.944,0.029,16.878,0.027
878.010,16.931,0.026,16.863,0.024
880.070,16.965,0.031,16.902,0.029
881.070,16.917,0.031,16.853,0.029
881.920,16.958,0.030,16.881,0.028
882.950,16.942,0.030,16.892,0.028
887.080,16.878,0.032,16.834,0.029
888.940,16.946,0.033,16.888,0.030
890.040,16.927,0.028,16.890,0.027
890.980,17.007,0.023,16.893,0.023
892.060,16.932,0.025,16.848,0.024
892.940,16.943,0.021,16.889,0.021
903.970,16.948,0.019,16.913,0.020
904.910,16.940,0.024,16.925,0.023
906.850,16.914,0.027,16.885,0.025
908.880,16.908,0.028,16.878,0.026
912.910,16.875,0.031,16.861,0.028
914.920,16.951,0.033,16.914,0.031
917.860,16.987,0.026,16.888,0.025
920.880,16.911,0.023,16.873,0.022
921.880,16.922,0.024,16.886,0.023
922.880,16.905,0.025,16.888,0.024
924.900,16.888,0.021,16.855,0.021
927.860,16.906,0.024,16.875,0.023
928.880,16.913,0.022,16.870,0.022
929.880,16.906,0.024,16.874,0.023
930.860,16.898,0.025,16.861,0.024
935.920,16.900,0.025,16.866,0.024
936.920,16.893,0.024,16.874,0.023
947.870,16.896,0.022,16.888,0.021
948.900,16.860,0.025,16.861,0.023
949.920,16.870,0.025,16.858,0.023
950.890,16.841,0.025,16.845,0.023
953.880,16.917,0.026,16.916,0.025
955.880,16.889,0.023,16.891,0.022
961.940,16.903,0.023,16.914,0.022
962.880,16.891,0.024,16.907,0.023
965.930,16.878,0.026,16.931,0.025
967.940,16.860,0.028,16.911,0.026
969.950,16.910,0.027,16.931,0.025
971.920,16.787,0.030,16.844,0.027
976.930,16.858,0.026,16.922,0.025
989.890,16.850,0.025,16.944,0.023
990.890,16.838,0.028,16.938,0.026
993.890,16.858,0.028,16.944,0.026
995.890,16.874,0.033,16.976,0.029
996.880,16.866,0.031,16.984,0.029
997.890,16.930,0.034,16.971,0.030
998.880,16.799,0.030,16.896,0.028
1082.256,16.862,0.023,16.970,0.022
1088.248,16.927,0.023,16.963,0.021
1106.239,16.894,0.020,16.934,0.019
1108.237,16.897,0.020,16.914,0.019
1110.245,16.865,0.019,16.901,0.018
1111.253,16.883,0.019,16.924,0.019
1112.251,16.891,0.018,16.919,0.018
1114.229,16.929,0.021,16.960,0.020
1115.235,16.877,0.020,16.917,0.019
1122.186,16.904,0.022,16.909,0.021
1127.210,16.909,0.020,16.944,0.020
1129.147,16.897,0.020,16.910,0.019
1130.201,16.921,0.019,16.921,0.019
1132.207,16.866,0.019,16.896,0.018
1137.248,16.888,0.018,16.884,0.018
1138.238,16.910,0.016,16.889,0.017
1139.229,16.940,0.016,16.922,0.017
1140.190,16.876,0.016,16.867,0.017
1141.279,16.889,0.022,16.940,0.021
1142.225,16.942,0.017,16.875,0.018
1143.227,16.890,0.019,16.885,0.019
1144.169,16.868,0.016,16.882,0.016
1146.277,16.910,0.035,16.874,0.033
1154.204,16.861,0.032,16.844,0.030
1155.202,16.885,0.031,16.874,0.029
1156.181,16.895,0.028,16.868,0.027
1157.131,16.876,0.028,16.835,0.027
1160.234,16.908,0.026,16.868,0.025
1162.195,16.921,0.026,16.886,0.025
1164.260,16.964,0.028,16.918,0.026
1169.131,16.919,0.030,16.890,0.028
1174.082,16.913,0.025,16.889,0.024
1175.168,16.918,0.026,16.891,0.025
1182.220,16.907,0.013,16.876,0.016
1197.086,16.937,0.013,16.980,0.015
1201.114,16.934,0.013,16.937,0.016
1202.030,16.940,0.013,16.932,0.016
1206.095,16.930,0.013,16.919,0.016
1207.050,16.954,0.013,16.919,0.016
1211.160,16.965,0.013,16.938,0.016
1212.001,16.947,0.013,16.920,0.016
1215.090,16.975,0.013,16.953,0.016
1220.131,16.993,0.013,16.982,0.016
1221.128,16.960,0.013,16.964,0.016
1222.077,16.979,0.013,16.997,0.015
1227.964,16.975,0.013,16.981,0.016
1228.984,16.979,0.013,16.986,0.016
1229.880,16.956,0.013,16.963,0.016
1230.927,16.966,0.009,16.976,0.011
1244.936,16.953,0.013,16.924,0.016
1248.082,16.966,0.013,16.906,0.017
1254.033,16.978,0.013,16.931,0.016
1254.944,16.959,0.013,16.895,0.017
1257.078,16.982,0.013,16.912,0.017
1257.921,16.960,0.013,16.901,0.017
1259.027,16.977,0.013,16.907,0.017
1259.968,16.968,0.013,16.898,0.017
1260.995,16.990,0.013,16.912,0.017
1264.016,16.993,0.013,16.885,0.017
1272.922,16.989,0.013,16.913,0.017
1274.019,16.974,0.013,16.903,0.017
1274.926,16.974,0.013,16.891,0.017
1284.984,16.981,0.013,16.909,0.017
1285.929,17.009,0.013,16.922,0.017
1286.964,16.985,0.009,16.909,0.012
1287.913,17.003,0.013,16.920,0.017
1288.895,17.002,0.013,16.905,0.017
1289.859,16.997,0.013,16.931,0.017
1293.917,16.981,0.013,16.911,0.017
1303.958,16.988,0.013,16.921,0.017
1305.012,16.980,0.013,16.922,0.016
1306.015,17.000,0.013,16.939,0.017
1307.972,16.971,0.013,16.934,0.016
1313.944,16.964,0.013,16.925,0.016
1314.892,17.004,0.013,16.938,0.017
1316.900,16.960,0.013,16.907,0.017
1317.900,16.972,0.013,16.926,0.016
1319.949,16.961,0.013,16.910,0.016
1321.921,16.967,0.013,16.887,0.017
1322.872,16.955,0.013,16.888,0.017
1323.872,16.954,0.013,16.902,0.016
1324.915,16.965,0.013,16.905,0.017
1326.977,16.954,0.013,16.867,0.017
1329.896,16.953,0.013,16.888,0.017
1331.931,16.978,0.013,16.919,0.017
1332.889,16.989,0.013,16.920,0.017
1333.919,16.958,0.013,16.915,0.016
1334.949,16.955,0.013,16.874,0.017
1342.921,16.965,0.013,16.905,0.017
1346.903,16.944,0.013,16.868,0.017
1347.901,16.964,0.013,16.864,0.017
1351.886,16.957,0.013,16.888,0.017
1454.227,16.916,0.013,16.854,0.017
1455.226,16.929,0.013,16.868,0.017
1458.214,16.921,0.013,16.876,0.016
1470.219,16.922,0.013,16.881,0.016
1471.231,16.909,0.013,16.867,0.016
1475.239,16.924,0.013,16.868,0.017
1495.190,16.925,0.013,16.891,0.016
1510.100,16.918,0.013,16.882,0.016
1511.100,16.942,0.013,16.878,0.017
1516.134,16.914,0.013,16.879,0.016
1523.192,16.951,0.013,16.893,0.017
1524.177,16.934,0.013,16.894,0.016
1525.148,16.956,0.013,16.913,0.016
1527.190,16.947,0.013,16.893,0.017
1539.140,16.938,0.013,16.907,0.016
1540.168,16.956,0.013,16.905,0.016
1541.186,16.942,0.013,16.895,0.016
1546.081,16.952,0.013,16.886,0.017
1547.053,16.944,0.013,16.890,0.016
1548.018,16.965,0.013,16.898,0.017
1561.171,16.963,0.013,16.894,0.017
1567.912,16.956,0.013,16.893,0.017
1569.012,16.961,0.006,16.901,0.010
1571.094,16.941,0.005,16.881,0.009
1572.008,16.954,0.006,16.890,0.010
1576.057,16.935,0.005,16.872,0.009
1577.067,16.952,0.006,16.890,0.010
1578.063,16.960,0.006,16.910,0.010
1579.086,16.962,0.005,16.910,0.009
1580.071,16.951,0.005,16.889,0.009
1582.252,16.933,0.013,16.873,0.016
1584.071,16.943,0.006,16.897,0.010
1585.054,16.952,0.005,16.907,0.009
1586.063,16.952,0.005,16.907,0.009
1589.094,16.937,0.013,16.904,0.016
1591.045,16.946,0.013,16.911,0.016
1605.027,16.913,0.009,16.878,0.012
1609.844,16.935,0.013,16.914,0.016
1626.105,16.939,0.013,16.954,0.016
1627.871,16.921,0.013,16.942,0.015
1638.878,16.913,0.013,16.940,0.015
1642.017,16.920,0.013,16.937,0.015
1643.043,16.925,0.013,16.943,0.015
1644.021,16.928,0.013,16.952,0.015
1645.026,16.907,0.009,16.920,0.011
1645.891,16.915,0.013,16.928,0.016
1646.871,16.919,0.013,16.920,0.016
1654.942,16.901,0.013,16.918,0.015
1655.943,16.910,0.013,16.943,0.015
1658.021,16.902,0.013,16.936,0.015
1660.011,16.914,0.013,16.943,0.015
1662.893,16.925,0.013,16.965,0.015
1664.890,16.892,0.013,16.932,0.015
1666.897,16.894,0.013,16.920,0.015
1679.939,16.906,0.013,16.969,0.015
1680.900,16.894,0.013,16.938,0.015
1681.898,16.922,0.013,16.971,0.015
1683.882,16.919,0.013,16.963,0.015
1684.953,16.886,0.013,16.941,0.015
1685.958,16.909,0.009,16.952,0.011
1687.894,16.920,0.013,16.964,0.015
1688.917,16.909,0.013,16.950,0.015
1720.886,16.935,0.013,16.957,0.015
1721.887,16.904,0.013,16.933,0.015
1815.236,16.871,0.013,16.926,0.015
1816.233,16.888,0.013,16.926,0.015
1818.229,16.863,0.013,16.910,0.015
1819.221,16.823,0.013,16.892,0.015
1820.226,16.834,0.013,16.903,0.015
1825.229,16.865,0.013,16.939,0.015
1826.219,16.851,0.013,16.923,0.015
1827.209,16.837,0.013,16.908,0.015
1835.237,16.859,0.013,16.918,0.015
1836.237,16.864,0.013,16.914,0.015
1837.239,16.857,0.013,16.886,0.015
1845.181,16.856,0.013,16.881,0.015
1846.208,16.852,0.013,16.873,0.015
1847.203,16.845,0.013,16.868,0.015
1854.194,16.868,0.013,16.886,0.015
1856.137,16.845,0.013,16.873,0.015
1857.219,16.841,0.013,16.857,0.015
1896.094,16.820,0.013,16.874,0.015
1906.137,16.846,0.013,16.881,0.015
1916.996,16.827,0.013,16.883,0.015
1924.016,16.831,0.013,16.872,0.015
1926.234,16.838,0.013,16.866,0.015
1927.219,16.822,0.013,16.871,0.015
1929.069,16.822,0.009,16.880,0.011
1930.099,16.831,0.007,16.880,0.010
1931.097,16.830,0.009,16.865,0.011
1932.042,16.833,0.009,16.883,0.011
1933.006,16.831,0.009,16.878,0.011
1934.073,16.833,0.009,16.878,0.011
1934.983,16.830,0.013,16.875,0.015
1935.944,16.843,0.013,16.895,0.015
1941.910,16.839,0.013,16.887,0.015
1943.942,16.828,0.013,16.893,0.015
1956.253,16.828,0.013,16.923,0.014
1957.242,16.805,0.013,16.893,0.015
1958.942,16.815,0.013,16.907,0.014
1959.977,16.811,0.013,16.904,0.014
1960.979,16.814,0.013,16.897,0.014
1961.967,16.823,0.013,16.909,0.014
1962.909,16.819,0.013,16.910,0.014
1963.980,16.803,0.009,16.902,0.010
1971.910,16.826,0.013,16.914,0.014
1977.081,16.813,0.013,16.911,0.014
1979.884,16.831,0.013,16.923,0.014
1982.092,16.797,0.013,16.909,0.014
1982.990,16.822,0.009,16.903,0.011
1983.968,16.843,0.013,16.939,0.014
1985.909,16.834,0.006,16.958,0.009
1986.875,16.831,0.013,16.938,0.014
1987.982,16.826,0.007,16.932,0.010
1988.903,16.840,0.009,16.942,0.010
1990.876,16.822,0.009,16.925,0.010
1991.869,16.806,0.013,16.909,0.014
1992.943,16.804,0.013,16.920,0.014
1999.925,16.802,0.013,16.914,0.014
2004.873,16.755,0.013,16.862,0.014
2009.866,16.787,0.013,16.890,0.014
2011.868,16.809,0.013,16.928,0.014
2034.912,16.781,0.013,16.894,0.014
2038.876,16.812,0.013,16.890,0.015
2039.968,16.801,0.013,16.877,0.015
2041.882,16.793,0.013,16.879,0.014
2042.883,16.821,0.013,16.883,0.015
2047.896,16.796,0.013,16.877,0.015
2049.903,16.797,0.013,16.873,0.015
2066.911,16.827,0.013,16.865,0.015
2262.108,16.905,0.013,16.846,0.017
2288.060,16.882,0.013,16.846,0.016
2290.080,16.888,0.013,16.845,0.016
2296.114,16.883,0.013,16.826,0.017
2297.065,16.878,0.013,16.829,0.016
2298.057,16.886,0.013,16.838,0.016
2299.127,16.877,0.013,16.817,0.017
2300.196,16.896,0.013,16.828,0.017
2305.056,16.897,0.013,16.831,0.017
2316.029,16.889,0.013,16.809,0.017
2320.059,16.912,0.013,16.825,0.017
2328.003,16.887,0.013,16.818,0.017
2351.037,16.873,0.013,16.828,0.016
2352.038,16.867,0.013,16.819,0.016
2354.047,16.865,0.013,16.814,0.016
2355.043,16.856,0.013,16.805,0.017
2356.947,16.870,0.013,16.828,0.016
2366.865,16.885,0.013,16.837,0.016
2367.867,16.866,0.013,16.816,0.017
2368.917,16.884,0.013,16.820,0.017
2369.864,16.855,0.013,16.811,0.016
2382.977,16.854,0.013,16.787,0.017
2383.979,16.866,0.013,16.793,0.017
2385.012,16.861,0.013,16.792,0.017
2392.922,16.864,0.013,16.792,0.017
2399.906,16.871,0.013,16.819,0.016
2415.928,16.850,0.013,16.791,0.017
2416.902,16.855,0.013,16.807,0.016
2417.914,16.848,0.013,16.793,0.017
2420.876,16.841,0.013,16.781,0.017
2421.911,16.852,0.013,16.789,0.017
2422.907,16.848,0.013,16.785,0.017
2427.876,16.863,0.013,16.807,0.016
2431.877,16.858,0.013,16.781,0.017
2432.877,16.867,0.013,16.803,0.017
2433.874,16.840,0.013,16.769,0.017
2434.873,16.852,0.013,16.788,0.017
2435.886,16.867,0.013,16.792,0.017
2436.876,16.849,0.013,16.781,0.017
2437.872,16.874,0.013,16.797,0.017
2441.877,16.867,0.013,16.787,0.017
2445.889,16.871,0.013,16.793,0.017
2451.899,16.883,0.013,16.794,0.017
2452.889,16.884,0.013,16.780,0.017
2453.883,16.877,0.013,16.784,0.017
2454.877,16.901,0.013,16.791,0.017
2455.882,16.877,0.013,16.774,0.017
2561.216,16.863,0.013,16.855,0.016
2579.244,16.886,0.013,16.876,0.016
2599.224,16.916,0.013,16.885,0.016
2615.186,16.908,0.013,16.891,0.016
2617.225,16.921,0.013,16.908,0.016
2635.224,16.932,0.013,16.879,0.016
2636.048,16.947,0.013,16.904,0.016
2637.131,16.946,0.013,16.893,0.017
2639.155,16.950,0.013,16.910,0.016
2645.156,16.959,0.013,16.898,0.017
2647.146,16.951,0.013,16.893,0.017
2648.190,16.951,0.013,16.897,0.016
2649.142,16.951,0.009,16.889,0.012
2663.047,16.946,0.013,16.893,0.017
2666.222,16.949,0.013,16.884,0.017
2668.160,16.958,0.013,16.880,0.017
2673.016,16.976,0.013,16.905,0.017
2676.083,16.974,0.013,16.897,0.017
2677.001,16.973,0.013,16.896,0.017
2682.029,16.978,0.013,16.911,0.017
2691.033,16.970,0.013,16.887,0.017
2695.011,16.976,0.013,16.885,0.017
2699.062,16.967,0.013,16.885,0.017
2708.003,16.991,0.013,16.896,0.017
2724.940,16.980,0.013,16.921,0.016
2725.940,16.982,0.013,16.931,0.017
2739.934,16.964,0.013,16.908,0.017
2754.892,16.977,0.013,16.894,0.017
2759.919,16.969,0.013,16.885,0.017
2760.884,16.975,0.013,16.880,0.017
2762.895,16.971,0.013,16.888,0.017
2763.905,16.963,0.013,16.865,0.017
2764.891,16.958,0.013,16.866,0.017
2765.906,16.967,0.013,16.870,0.017
2766.912,16.985,0.013,16.891,0.017
2768.880,16.967,0.013,16.883,0.017
2770.868,16.966,0.013,16.873,0.017
2786.901,16.974,0.013,16.879,0.017
2788.871,16.960,0.013,16.854,0.017
2790.883,16.993,0.013,16.889,0.017
2791.868,16.980,0.013,16.867,0.017
2795.872,16.973,0.013,16.866,0.017
2796.880,16.966,0.013,16.869,0.017
2797.892,16.959,0.013,16.856,0.017
2800.874,16.961,0.013,16.862,0.017
2802.878,16.949,0.013,16.865,0.017
2943.234,16.996,0.013,16.934,0.017
2948.224,16.961,0.013,16.897,0.017
2949.237,16.956,0.013,16.890,0.017
2952.184,16.931,0.013,16.892,0.016
2953.228,16.946,0.013,16.884,0.017
2971.261,16.948,0.013,16.860,0.017
2980.243,16.920,0.013,16.846,0.017
2985.197,16.933,0.013,16.853,0.017
2989.163,16.925,0.013,16.858,0.017
2990.235,16.949,0.013,16.866,0.017
2992.247,16.921,0.013,16.847,0.017
3000.166,16.957,0.013,16.883,0.017
3017.197,16.965,0.013,16.907,0.017
3019.202,17.021,0.013,16.941,0.017
3020.225,16.985,0.013,16.929,0.017
3028.281,16.974,0.013,16.932,0.016
3032.055,16.981,0.013,16.913,0.017
3037.223,16.971,0.013,16.908,0.017
3038.156,16.980,0.013,16.875,0.017
3045.222,16.992,0.013,16.947,0.016
3049.125,16.995,0.013,16.956,0.016
3064.192,17.014,0.013,16.962,0.016
3065.177,17.028,0.013,16.975,0.016
3074.072,17.033,0.013,16.995,0.016
3080.056,17.039,0.013,16.995,0.016
3083.096,17.012,0.013,16.987,0.016
3098.985,17.018,0.013,17.000,0.016
3114.893,17.012,0.013,17.000,0.016
3118.041,17.015,0.013,16.988,0.016
3133.944,17.008,0.013,16.995,0.016
3142.895,17.031,0.013,16.996,0.016
3154.901,16.989,0.013,16.954,0.016
3312.267,16.956,0.013,16.890,0.017
3330.222,16.965,0.013,16.934,0.016
3359.240,16.958,0.013,16.921,0.016
3369.254,16.967,0.013,16.939,0.016
3370.117,16.967,0.013,16.942,0.016
3378.036,16.976,0.013,16.940,0.016
3381.169,16.989,0.013,16.958,0.016
3383.260,16.975,0.013,16.937,0.016
3390.094,16.984,0.013,16.948,0.016
3391.114,16.949,0.013,16.918,0.016
3393.243,16.990,0.013,16.948,0.016
3440.009,16.983,0.013,16.948,0.016
3444.001,16.984,0.013,16.962,0.016
3446.034,16.993,0.013,16.989,0.016
3455.985,16.993,0.013,16.954,0.016
3460.949,16.969,0.013,16.965,0.016
3462.928,17.005,0.013,17.002,0.016
3466.087,16.994,0.013,16.972,0.016
3474.900,16.978,0.013,16.995,0.016
3477.968,16.992,0.013,17.011,0.015
3490.872,16.979,0.013,17.015,0.015
3492.912,16.981,0.013,17.028,0.015
3507.872,16.966,0.013,17.002,0.015
3510.899,16.969,0.013,16.986,0.015
3529.919,16.971,0.013,16.996,0.015
3534.872,16.967,0.013,17.009,0.015
3539.914,16.958,0.013,17.014,0.015
3549.878,16.978,0.013,17.016,0.015
3649.219,17.049,0.008,16.896,0.009
3654.231,17.037,0.013,16.908,0.018
3656.216,17.036,0.011,16.911,0.013
3662.217,17.037,0.008,16.916,0.009
3662.227,17.032,0.013,16.916,0.017
3664.205,17.021,0.008,16.911,0.009
3666.192,17.037,0.013,16.937,0.017
3667.226,17.032,0.008,16.922,0.009
3675.234,17.019,0.013,16.923,0.017
3676.170,17.019,0.008,16.917,0.009
3677.177,17.016,0.011,16.925,0.013
3678.232,17.023,0.011,16.919,0.013
3680.125,17.018,0.008,16.911,0.009
3680.231,17.020,0.013,16.897,0.017
3681.153,17.027,0.011,16.927,0.013
3684.178,17.015,0.008,16.927,0.009
3685.109,17.008,0.011,16.925,0.013
3692.208,17.011,0.008,16.929,0.009
3693.111,17.014,0.011,16.939,0.013
3700.182,17.010,0.008,16.938,0.009
3708.067,17.010,0.011,16.959,0.012
3712.105,17.012,0.011,16.948,0.013
3719.129,17.036,0.011,16.964,0.013
3731.115,17.039,0.011,16.980,0.013
3735.000,17.019,0.008,16.975,0.009
3737.065,17.017,0.012,16.978,0.012
3766.117,17.011,0.011,16.982,0.012
3768.935,17.011,0.011,16.973,0.012
3783.053,17.000,0.011,16.980,0.012
3792.917,16.987,0.011,16.963,0.012
3797.008,16.983,0.011,16.960,0.012
3799.891,16.988,0.011,16.977,0.012
3801.913,17.000,0.011,16.967,0.012
3802.911,16.981,0.011,16.969,0.012
3803.934,16.992,0.011,16.983,0.012
3812.923,17.000,0.011,16.979,0.012
3813.942,16.996,0.011,16.973,0.012
3823.888,16.999,0.012,16.975,0.012
3825.003,16.988,0.011,16.979,0.012
3825.872,16.977,0.011,16.957,0.012
3826.872,16.992,0.011,16.983,0.012
3827.872,16.984,0.011,16.969,0.012
3830.028,16.982,0.012,16.960,0.012
3831.879,16.973,0.011,16.960,0.012
3832.876,16.976,0.011,16.957,0.012
3840.961,16.982,0.012,16.966,0.012
3842.959,16.982,0.012,16.966,0.012
3844.959,16.996,0.011,16.977,0.012
3847.942,16.996,0.011,16.961,0.012
3848.938,16.987,0.011,16.957,0.012
3852.925,16.995,0.011,16.966,0.012
3853.925,16.988,0.011,16.966,0.012
3854.965,16.989,0.011,16.966,0.012
3858.906,17.001,0.011,16.947,0.012
3859.948,16.991,0.011,16.947,0.012
3860.903,17.011,0.011,16.949,0.012
3861.904,16.993,0.011,16.938,0.012
3863.952,16.987,0.011,16.941,0.012
3865.896,17.013,0.011,16.965,0.012
3866.935,16.995,0.011,16.949,0.012
3867.895,17.001,0.011,16.943,0.012
3869.899,16.995,0.011,16.933,0.012
3872.900,16.999,0.012,16.958,0.012
3874.916,16.993,0.011,16.947,0.012
3875.975,17.004,0.011,16.960,0.012
3878.917,16.999,0.012,16.935,0.012
3879.910,16.994,0.011,16.937,0.012
3880.913,17.009,0.011,16.942,0.013
3886.914,16.992,0.011,16.934,0.012
3887.916,16.998,0.011,16.941,0.012
3888.968,16.994,0.011,16.934,0.012
3889.911,16.989,0.011,16.939,0.012
3891.916,16.988,0.011,16.942,0.012
3893.925,16.985,0.011,16.938,0.012
4010.245,17.020,0.011,16.981,0.012
4029.173,16.995,0.011,17.040,0.011
4031.159,16.992,0.011,17.043,0.011
4032.150,16.996,0.011,17.028,0.011
4056.076,16.977,0.011,17.049,0.011
4057.106,16.978,0.011,17.065,0.011
4062.069,16.970,0.011,17.048,0.011
4069.041,16.944,0.011,17.034,0.011
4070.075,16.958,0.011,17.047,0.011
4083.055,16.954,0.011,17.033,0.011
4084.038,16.943,0.011,17.034,0.011
4085.058,16.924,0.011,17.007,0.011
4090.988,16.933,0.011,17.001,0.011
4100.029,16.939,0.011,17.008,0.011
4110.936,16.926,0.011,16.974,0.011
4114.955,16.926,0.011,17.001,0.011
4119.914,16.928,0.011,16.993,0.011
4122.012,16.907,0.011,16.980,0.011
4122.944,16.933,0.011,16.994,0.011
4137.971,16.922,0.011,17.019,0.011
4139.200,16.914,0.012,17.010,0.011
4139.899,16.900,0.011,16.993,0.011
4140.886,16.897,0.012,17.002,0.011
4141.919,16.896,0.011,17.006,0.011
4142.922,16.893,0.011,16.997,0.011
4144.915,16.892,0.011,16.989,0.011
4145.899,16.876,0.011,16.981,0.011
4147.877,16.887,0.011,16.984,0.011
4148.869,16.907,0.011,17.008,0.011
4149.881,16.904,0.011,17.001,0.011
4151.882,16.890,0.011,16.980,0.011
4152.903,16.892,0.011,16.988,0.011
4153.899,16.888,0.011,16.999,0.011
4154.898,16.901,0.011,16.995,0.011
4155.880,16.889,0.011,16.995,0.011
4156.876,16.892,0.011,16.983,0.011
4157.883,16.901,0.011,16.989,0.011
4171.880,16.885,0.011,17.004,0.011
4195.001,16.893,0.011,16.955,0.011
4196.053,16.886,0.011,16.951,0.011
4197.027,16.914,0.012,16.960,0.011
4202.013,16.895,0.011,16.956,0.011
4203.026,16.906,0.011,16.954,0.011
4203.987,16.901,0.011,16.950,0.011
4205.002,16.898,0.011,16.942,0.011
4205.972,16.897,0.012,16.951,0.011
4208.058,16.902,0.011,16.944,0.011
4209.971,16.903,0.011,16.946,0.011
4210.929,16.913,0.011,16.953,0.011
4211.940,16.919,0.011,16.969,0.011
4212.921,16.931,0.011,16.964,0.012
4217.910,16.916,0.011,16.959,0.011
4218.981,16.948,0.011,16.967,0.012
4219.915,16.924,0.011,16.947,0.012
4220.958,16.953,0.011,16.985,0.011
4224.913,16.962,0.011,16.981,0.012
4227.941,16.957,0.011,16.974,0.012
4232.938,16.955,0.011,16.955,0.012
4235.947,16.950,0.011,16.967,0.012
4236.965,16.952,0.011,16.973,0.012
4239.921,16.958,0.011,16.981,0.012
4247.954,16.944,0.011,16.975,0.011
4248.974,16.944,0.011,16.980,0.011
4498.167,17.108,0.011,16.888,0.014
4501.061,17.121,0.011,16.892,0.014
4501.998,17.121,0.011,16.880,0.014
4503.871,17.118,0.011,16.891,0.014
4507.854,17.131,0.011,16.890,0.014
4514.874,17.086,0.011,16.871,0.014
4525.979,17.108,0.011,16.882,0.014
4526.912,17.108,0.011,16.894,0.014
4529.926,17.093,0.011,16.877,0.014
4531.866,17.081,0.011,16.876,0.014
4532.897,17.090,0.011,16.892,0.014
4533.869,17.094,0.011,16.886,0.014
4535.923,17.092,0.011,16.885,0.014
4536.875,17.096,0.011,16.883,0.014
4538.871,17.089,0.011,16.872,0.014
4539.868,17.079,0.011,16.857,0.014
4540.870,17.090,0.011,16.870,0.014
4543.035,17.092,0.011,16.876,0.014
4543.929,17.088,0.011,16.873,0.014
4545.035,17.077,0.011,16.870,0.014
4553.902,17.087,0.011,16.847,0.014
4554.893,17.094,0.011,16.861,0.014
4555.887,17.095,0.011,16.858,0.014
4556.951,17.101,0.011,16.848,0.014
4558.037,17.092,0.011,16.851,0.014
4561.885,17.094,0.011,16.851,0.014
4568.889,17.088,0.011,16.837,0.014
4570.892,17.094,0.011,16.850,0.014
4571.925,17.103,0.011,16.838,0.015
4572.889,17.083,0.011,16.832,0.014
4574.885,17.085,0.011,16.834,0.014
4575.894,17.094,0.011,16.842,0.014
4576.890,17.099,0.011,16.835,0.015
4577.900,17.094,0.011,16.835,0.015
4578.932,17.101,0.011,16.839,0.014
4579.917,17.080,0.011,16.822,0.014
4580.917,17.093,0.011,16.826,0.015
4585.892,17.075,0.011,16.792,0.015
4587.953,17.087,0.011,16.800,0.015
4589.972,17.082,0.011,16.798,0.015
4591.894,17.088,0.011,16.793,0.015
4595.896,17.089,0.011,16.785,0.015
4597.914,17.089,0.011,16.776,0.015
4598.939,17.102,0.011,16.790,0.015
4599.912,17.108,0.011,16.790,0.015
4600.941,17.087,0.011,16.782,0.015
4604.047,17.096,0.011,16.821,0.015
4604.909,17.099,0.011,16.796,0.015
4606.913,17.113,0.011,16.816,0.015
4607.925,17.104,0.011,16.815,0.015
4609.970,17.111,0.011,16.819,0.015
4611.951,17.124,0.011,16.845,0.015
4614.924,17.127,0.011,16.833,0.015
4622.926,17.140,0.011,16.869,0.015
4626.924,17.101,0.011,16.823,0.015
4777.221,17.128,0.011,16.958,0.013
4779.122,17.101,0.011,16.943,0.013
4780.222,17.114,0.011,16.950,0.013
4781.212,17.129,0.011,16.959,0.013
4787.082,17.123,0.011,16.954,0.013
4788.087,17.131,0.011,16.952,0.013
4789.100,17.111,0.011,16.940,0.013
4794.054,17.144,0.011,16.973,0.013
4795.225,17.148,0.011,16.976,0.013
4796.098,17.156,0.011,16.971,0.014
4799.041,17.139,0.011,16.979,0.013
4800.040,17.149,0.011,16.980,0.013
4802.037,17.166,0.011,16.984,0.013
4808.086,17.148,0.011,16.997,0.013
4810.038,17.178,0.011,17.012,0.013
4811.059,17.124,0.011,16.973,0.013
4814.044,17.159,0.011,17.003,0.013
4817.131,17.162,0.011,17.012,0.013
4818.071,17.151,0.011,16.996,0.013
4818.999,17.155,0.011,17.013,0.013
4821.157,17.163,0.011,17.014,0.013
4822.118,17.166,0.011,17.010,0.013
4822.988,17.164,0.011,17.024,0.013
4828.995,17.162,0.011,17.042,0.013
4833.964,17.170,0.011,17.041,0.013
4834.991,17.151,0.011,17.048,0.013
4836.086,17.168,0.011,17.053,0.013
4845.079,17.150,0.011,17.047,0.013
4846.037,17.148,0.011,17.052,0.013
4852.123,17.140,0.011,17.057,0.012
4853.078,17.156,0.011,17.069,0.012
4855.100,17.131,0.011,17.059,0.012
4856.082,17.134,0.011,17.067,0.012
4857.019,17.140,0.011,17.057,0.012
4858.010,17.133,0.011,17.064,0.012
4858.999,17.121,0.011,17.053,0.012
4878.863,17.083,0.011,17.033,0.012
4879.901,17.086,0.011,17.042,0.012
4884.929,17.084,0.011,17.058,0.012
4895.914,17.050,0.011,17.069,0.011
4899.865,17.024,0.011,17.070,0.011
4903.893,17.027,0.011,17.073,0.011
4906.027,17.041,0.011,17.084,0.011
4910.936,17.008,0.011,17.077,0.011
4911.949,17.022,0.011,17.097,0.011
4912.929,17.020,0.011,17.089,0.011
4913.893,17.041,0.011,17.101,0.011
4918.937,17.021,0.011,17.101,0.011
4920.872,17.006,0.011,17.096,0.010
4921.989,17.012,0.011,17.091,0.011
4922.876,17.021,0.011,17.100,0.011
4923.871,17.002,0.011,17.095,0.010
4926.025,17.017,0.011,17.092,0.011
4926.949,17.022,0.011,17.099,0.011
4927.877,16.994,0.011,17.100,0.010
4931.875,17.013,0.011,17.096,0.011
4933.875,17.020,0.011,17.110,0.011
4934.993,17.013,0.011,17.085,0.011
4935.972,17.006,0.011,17.083,0.011
4936.888,17.013,0.011,17.091,0.011
4937.893,16.999,0.011,17.103,0.010
4939.100,17.011,0.011,17.097,0.010
4940.885,17.008,0.011,17.087,0.011
4941.882,17.004,0.011,17.104,0.010
4942.891,16.998,0.011,17.086,0.011
4944.073,17.004,0.011,17.079,0.011
4944.965,17.004,0.011,17.085,0.011
4945.966,17.011,0.011,17.075,0.011
4948.893,16.996,0.011,17.069,0.011
4950.899,16.993,0.011,17.063,0.011
4953.889,16.991,0.011,17.073,0.011
4954.962,17.016,0.011,17.089,0.011
4955.888,17.015,0.011,17.076,0.011
4957.036,16.992,0.011,17.054,0.011
4957.974,17.016,0.011,17.067,0.011
4962.975,17.037,0.011,17.082,0.011
4963.940,17.010,0.011,17.065,0.011
4964.970,16.998,0.011,17.072,0.011
4965.989,17.020,0.011,17.077,0.011
4966.907,17.012,0.011,17.079,0.011
4969.902,17.031,0.011,17.075,0.011
4970.907,17.017,0.011,17.072,0.011
4972.902,17.004,0.011,17.067,0.011
4974.917,17.030,0.011,17.087,0.011
4976.021,17.041,0.011,17.076,0.011
4976.979,17.029,0.011,17.072,0.011
4978.902,17.026,0.011,17.075,0.011
4980.903,17.038,0.011,17.072,0.011
4981.903,17.040,0.011,17.071,0.011
4982.935,17.030,0.011,17.067,0.011
4983.909,17.039,0.011,17.069,0.011
4986.966,17.034,0.011,17.063,0.011
4989.930,17.061,0.011,17.089,0.011
4991.915,17.045,0.011,17.066,0.011
5107.195,16.996,0.011,17.116,0.010
5108.192,16.993,0.011,17.102,0.010
5110.186,17.001,0.011,17.117,0.010
5111.184,17.000,0.011,17.096,0.010
5112.227,16.983,0.011,17.096,0.010
5113.202,16.989,0.011,17.115,0.010
5114.176,17.011,0.011,17.116,0.010
5116.170,17.011,0.011,17.119,0.010
5117.174,17.004,0.011,17.123,0.010
5119.208,16.988,0.011,17.096,0.010
5120.200,16.983,0.011,17.087,0.010
5124.209,16.949,0.011,17.077,0.010
5127.147,17.006,0.011,17.123,0.010
5128.138,16.976,0.011,17.091,0.010
5129.140,16.992,0.011,17.102,0.010
5130.133,16.991,0.011,17.107,0.010
5131.221,16.976,0.011,17.096,0.010
5132.129,16.995,0.011,17.106,0.010
5134.121,16.969,0.011,17.091,0.010
5135.128,16.969,0.011,17.090,0.010
5136.116,16.984,0.011,17.091,0.010
5137.118,16.974,0.011,17.075,0.010
5138.118,16.978,0.011,17.086,0.010
5139.115,16.980,0.011,17.085,0.010
5140.161,17.000,0.011,17.092,0.011
5142.101,16.975,0.011,17.090,0.010
5143.150,16.979,0.011,17.094,0.010
5144.093,16.982,0.011,17.098,0.010
5145.142,16.983,0.011,17.089,0.010
5147.090,17.005,0.011,17.102,0.010
5149.103,16.983,0.011,17.071,0.011
5150.134,16.989,0.011,17.080,0.010
5192.120,16.996,0.011,17.058,0.011
5196.975,16.980,0.011,17.035,0.011
5201.050,16.984,0.011,17.059,0.011
5204.124,16.995,0.011,17.068,0.011
5208.984,17.016,0.011,17.090,0.011
5211.136,17.007,0.011,17.080,0.011
5211.913,17.018,0.011,17.093,0.011
5215.897,17.018,0.011,17.101,0.011
5216.894,17.010,0.011,17.100,0.010
5219.011,17.028,0.011,17.099,0.011
5219.889,17.026,0.011,17.101,0.011
5220.900,17.034,0.011,17.095,0.011
5221.896,17.017,0.011,17.094,0.011
5222.878,17.021,0.011,17.108,0.011
5230.898,17.023,0.011,17.101,0.011
5231.896,17.032,0.011,17.122,0.010
5232.880,17.038,0.011,17.112,0.011
5233.878,17.052,0.011,17.128,0.011
5234.897,17.038,0.011,17.113,0.011
5235.886,17.037,0.011,17.111,0.011
5236.877,17.033,0.011,17.096,0.011
5237.875,17.054,0.011,17.106,0.011
5250.940,17.060,0.011,17.132,0.011
5252.014,17.055,0.011,17.116,0.011
5275.956,17.060,0.011,17.085,0.011
5278.050,17.064,0.011,17.077,0.011
5278.980,17.069,0.011,17.065,0.011
5279.871,17.073,0.011,17.067,0.012
5280.879,17.069,0.011,17.059,0.011
5281.922,17.045,0.011,17.052,0.011
5284.876,17.045,0.011,17.048,0.011
5286.973,17.062,0.011,17.058,0.011
5291.015,17.063,0.011,17.042,0.012
5292.009,17.062,0.011,17.045,0.012
5295.940,17.070,0.011,17.038,0.012
5296.915,17.056,0.011,17.036,0.012
5297.918,17.060,0.011,17.025,0.012
5307.923,17.055,0.011,17.008,0.012
5308.894,17.037,0.011,16.982,0.012
5310.898,17.050,0.011,16.997,0.012
5311.913,17.050,0.011,16.987,0.012
5312.951,17.060,0.011,17.006,0.012
5319.962,17.066,0.011,16.982,0.012
5320.914,17.062,0.011,16.978,0.012
5321.898,17.055,0.011,16.970,0.012
5335.920,17.034,0.011,16.932,0.012
5336.919,17.048,0.011,16.940,0.013
5337.915,17.044,0.011,16.931,0.013
5340.911,17.036,0.011,16.927,0.013
5341.905,17.018,0.011,16.921,0.012
5342.988,17.020,0.011,16.929,0.012
5343.904,17.021,0.011,16.917,0.013
5345.942,17.015,0.011,16.908,0.013
5346.978,17.019,0.011,16.924,0.012
5358.932,16.997,0.011,16.907,0.012
5363.965,16.977,0.011,16.887,0.012
5371.942,16.995,0.011,16.889,0.013
5372.927,17.005,0.011,16.910,0.013
5564.098,17.149,0.012,16.929,0.015
5579.175,17.134,0.008,16.909,0.010
5598.004,17.134,0.012,16.919,0.015
5605.015,17.149,0.012,16.910,0.015
5607.017,17.157,0.012,16.928,0.015
5692.068,17.082,0.012,17.003,0.013
5697.943,17.086,0.012,16.997,0.013
5701.982,17.076,0.012,17.007,0.013
5729.942,17.080,0.012,16.992,0.013
5731.945,17.095,0.012,16.996,0.013
5867.208,17.166,0.012,16.958,0.015
5895.193,17.183,0.012,16.955,0.015
5898.241,17.168,0.012,16.960,0.014
5901.170,17.185,0.012,16.980,0.014
5909.161,17.142,0.012,16.955,0.014
5914.212,17.153,0.012,16.958,0.014
5917.202,17.142,0.012,16.959,0.014
5921.202,17.138,0.012,16.983,0.014
5927.205,17.139,0.012,17.000,0.014
5937.093,17.121,0.012,17.022,0.013
5941.196,17.112,0.012,17.041,0.013
5950.051,17.134,0.012,17.054,0.013
5953.135,17.148,0.012,17.062,0.013
5959.052,17.102,0.012,17.027,0.013
5983.133,17.099,0.012,17.044,0.013
5989.945,17.096,0.012,17.049,0.012
6007.057,17.089,0.012,17.063,0.012
6011.929,17.098,0.012,17.069,0.012
6013.964,17.073,0.012,17.070,0.012
6017.925,17.066,0.012,17.045,0.012
6033.919,17.074,0.012,17.052,0.012
6054.045,17.085,0.012,17.000,0.013
6212.220,17.085,0.010,17.020,0.013
6225.214,17.083,0.010,17.042,0.013
6254.079,17.075,0.010,17.053,0.013
6265.148,17.032,0.010,17.026,0.013
6271.243,17.049,0.010,17.064,0.013
6278.058,17.054,0.010,17.073,0.013
6284.994,17.075,0.010,17.087,0.013
6291.976,17.048,0.010,17.093,0.013
6298.956,17.042,0.010,17.101,0.013
6305.958,17.058,0.010,17.082,0.013
6312.955,17.025,0.010,17.043,0.013
6319.934,17.053,0.010,17.067,0.013
6326.016,17.029,0.010,17.015,0.013
6334.876,17.053,0.010,17.041,0.013
6344.163,17.075,0.012,17.009,0.012
6344.850,17.063,0.010,16.986,0.013
6364.863,17.081,0.010,16.987,0.013
6374.851,17.071,0.010,16.989,0.013
6399.888,17.086,0.010,16.959,0.013
6420.016,17.077,0.010,16.950,0.013
6426.037,17.065,0.010,16.927,0.013
6578.255,16.956,0.010,16.892,0.013
6592.254,16.995,0.010,16.902,0.013
6598.206,16.988,0.010,16.901,0.013
6617.085,17.014,0.010,16.907,0.013
6622.203,17.004,0.010,16.909,0.013
6630.263,17.004,0.010,16.930,0.013
6643.194,17.004,0.010,16.942,0.013
6651.017,17.006,0.010,16.925,0.013
6657.001,17.008,0.010,16.941,0.013
6662.135,17.004,0.012,16.935,0.012
6664.097,17.011,0.010,16.932,0.013
6671.023,17.008,0.010,16.927,0.013
6685.045,17.008,0.010,16.877,0.013
6692.007,16.989,0.010,16.850,0.013
6698.916,17.010,0.010,16.911,0.013
6712.913,16.984,0.010,16.851,0.013
6720.022,17.017,0.010,16.887,0.013
6727.984,17.022,0.010,16.875,0.013
6733.866,17.005,0.010,16.863,0.013
6742.907,17.057,0.010,16.886,0.013
6754.894,17.075,0.010,16.895,0.013
6761.967,17.066,0.010,16.900,0.013
6768.888,17.074,0.010,16.916,0.013
6775.910,17.085,0.010,16.914,0.013
6782.903,17.080,0.010,16.900,0.013
6789.917,17.089,0.010,16.916,0.013
6796.949,17.101,0.010,16.923,0.013
6805.918,17.096,0.010,16.904,0.013
6810.936,17.115,0.010,16.926,0.013
6940.219,17.156,0.010,16.801,0.013
6946.206,17.167,0.010,16.808,0.013
6960.190,17.191,0.010,16.808,0.013
6968.130,17.195,0.010,16.795,0.013
6995.128,17.177,0.010,16.771,0.013
7010.215,17.180,0.010,16.792,0.013
7015.994,17.185,0.010,16.809,0.013
7023.033,17.200,0.010,16.812,0.013
7037.270,17.165,0.010,16.825,0.013
7044.116,17.167,0.010,16.838,0.013
7050.981,17.155,0.010,16.811,0.013
7058.086,17.157,0.010,16.842,0.013
7064.986,17.172,0.010,16.836,0.013
7079.931,17.197,0.010,16.840,0.013
7092.986,17.209,0.010,16.836,0.013
7108.931,17.248,0.010,16.842,0.013
7120.883,17.224,0.010,16.837,0.013
7127.886,17.230,0.010,16.849,0.013
7135.867,17.219,0.010,16.835,0.013
7141.863,17.220,0.010,16.852,0.013
7150.973,17.202,0.010,16.848,0.013
7155.887,17.214,0.010,16.861,0.013
7163.884,17.189,0.010,16.884,0.013
7171.913,17.192,0.010,16.895,0.013
7176.901,17.202,0.010,16.910,0.013
7306.246,17.072,0.010,16.950,0.013
7334.192,17.051,0.010,16.954,0.013
7348.128,17.088,0.010,17.006,0.013
7353.257,17.073,0.010,17.000,0.013
7367.105,17.067,0.010,17.013,0.013
7374.272,17.048,0.010,17.009,0.013
7395.039,17.039,0.010,16.981,0.013
7409.124,17.060,0.010,17.028,0.013
7429.939,17.032,0.010,17.036,0.013
7451.987,16.997,0.010,16.986,0.013
7457.919,16.981,0.010,16.958,0.013
7464.920,16.978,0.010,16.949,0.013
7474.064,17.007,0.010,16.993,0.013
7478.925,16.997,0.010,16.967,0.013
7500.945,17.045,0.010,17.026,0.013
7506.901,17.033,0.010,17.034,0.013
7513.910,17.039,0.010,17.050,0.013
7527.899,17.026,0.010,17.052,0.013
